No.,Channel Type,Channel Alias,Rx Frequency,Tx Frequency,Tx Power,TOT,VOX,VOX Level,Scan Add/Step,Channel Work Alone,Default to Talkaround,Band Width,Dec QT/DQT,Enc QT/DQT,Tx Authority,Relay,Work Mode,Slot,ID Setting,Color Code,Encryption,Encryption Type,Encryption Key,Promiscuous,Tx Authority,Kill Code,WakeUp Code,Contacts,Rx Group Lists,Group Lists 1,Group Lists 2,Group Lists 3,Group Lists 4,Group Lists 5,Group Lists 6,Group Lists 7,Group Lists 8,Group Lists 9,Group Lists 10,Group Lists 11,Group Lists 12,Group Lists 13,Group Lists 14,Group Lists 15,Group Lists 16,Group Lists 17,Group Lists 18,Group Lists 19,Group Lists 20,Group Lists 21,Group Lists 22,Group Lists 23,Group Lists 24,Group Lists 25,Group Lists 26,Group Lists 27,Group Lists 28,Group Lists 29,Group Lists 30,Group Lists 31,Group Lists 32,Group Lists 33,GPS,Send GPS Info,Receive GPS Info,GPS Timing Report,GPS Timing Report TX Contacts
VFO-A,Analog CH,2M Call SMPLX,146.52,146.52,Mid,300S,No,1,2.5K,No,No,25K,None,None,Allow TX,No,Simplex,Slot1,ID-1,0,No,Normal Mode,1,No,Always,None,S.Plains,None,RX-Group-1,Priority Contacts: NTX Wide,Priority Contacts: Texas,Priority Contacts: HurstARC,,,,,,,,,,,,,,,,,,,,,,,,,,,,,,,No,No,No,OFF,TX Contact
VFO-B,Analog CH,440 Call SMPLX,446,446,Mid,300S,No,1,2.5K,No,No,25K,None,None,Allow TX,No,Simplex,Slot1,ID-1,0,No,Normal Mode,1,No,Always,None,S.Plains,None,RX-Group-1,Priority Contacts: NTX Wide,Priority Contacts: Texas,Priority Contacts: HurstARC,,,,,,,,,,,,,,,,,,,,,,,,,,,,,,,No,No,No,OFF,TX Contact
1,Digital CH,1.Cactus,442.5,447.5,Mid,300S,No,1,Yes,No,No,25K,None,None,Allow TX,No,Repeat,Slot2,ID-1,1,No,Normal Mode,1,No,Always,None,None,Priority Contacts: Cactus,RX-Group-1,Priority Contacts: NTX Wide,Priority Contacts: Texas,Priority Contacts: HurstARC,,,,,,,,,,,,,,,,,,,,,,,,,,,,,,,No,No,No,OFF,TX Contact
2,Digital CH,1.NTX Wide,440.6375,445.6375,Mid,300S,No,1,Yes,No,No,25K,None,None,Allow TX,No,Repeat,Slot1,ID-1,1,No,Normal Mode,1,No,Always,None,None,Priority Contacts: NTX Wide,RX-Group-1,Priority Contacts: NTX Wide,Priority Contacts: Texas,Priority Contacts: HurstARC,,,,,,,,,,,,,,,,,,,,,,,,,,,,,,,No,No,No,OFF,TX Contact
3,Digital CH,1.N.America,442.5,447.5,Mid,300S,No,1,Yes,No,No,25K,None,None,Allow TX,No,Repeat,Slot1,ID-1,1,No,Normal Mode,1,No,Always,None,None,Priority Contacts: N.America,RX-Group-1,Priority Contacts: NTX Wide,Priority Contacts: Texas,Priority Contacts: HurstARC,,,,,,,,,,,,,,,,,,,,,,,,,,,,,,,No,No,No,OFF,TX Contact
4,Digital CH,1.S.Plains,442.5,447.5,Mid,300S,No,1,Yes,No,No,25K,None,None,Allow TX,No,Repeat,Slot2,ID-1,1,No,Normal Mode,1,No,Always,None,None,Priority Contacts: S.Plains,RX-Group-1,Priority Contacts: NTX Wide,Priority Contacts: Texas,Priority Contacts: HurstARC,,,,,,,,,,,,,,,,,,,,,,,,,,,,,,,No,No,No,OFF,TX Contact
5,Digital CH,1.Texas,440.6375,445.6375,Mid,300S,No,1,Yes,No,No,25K,None,None,Allow TX,No,Repeat,Slot2,ID-1,1,No,Normal Mode,1,No,Always,None,None,Priority Contacts: Texas,RX-Group-1,Priority Contacts: NTX Wide,Priority Contacts: Texas,Priority Contacts: HurstARC,,,,,,,,,,,,,,,,,,,,,,,,,,,,,,,No,No,No,OFF,TX Contact
6,Digital CH,1.WW,442.5,447.5,Mid,300S,No,1,Yes,No,No,25K,None,None,Allow TX,No,Repeat,Slot1,ID-1,1,No,Normal Mode,1,No,Always,None,None,Priority Contacts: Worldwide,RX-Group-1,Priority Contacts: NTX Wide,Priority Contacts: Texas,Priority Contacts: HurstARC,,,,,,,,,,,,,,,,,,,,,,,,,,,,,,,No,No,No,OFF,TX Contact
7,Digital CH,2.BM 3148,443.4,448.4,Mid,300S,No,1,Yes,No,No,25K,None,None,Allow TX,No,Repeat,Slot2,ID-1,1,No,Normal Mode,1,No,Always,None,None,Priority Contacts: BM 3148,RX-Group-1,Priority Contacts: NTX Wide,Priority Contacts: Texas,Priority Contacts: HurstARC,,,,,,,,,,,,,,,,,,,,,,,,,,,,,,,No,No,No,OFF,TX Contact
8,Digital CH,2.Cactus,443.4,448.4,Mid,300S,No,1,Yes,No,No,25K,None,None,Allow TX,No,Repeat,Slot2,ID-1,1,No,Normal Mode,1,No,Always,None,None,Priority Contacts: Cactus,RX-Group-1,Priority Contacts: NTX Wide,Priority Contacts: Texas,Priority Contacts: HurstARC,,,,,,,,,,,,,,,,,,,,,,,,,,,,,,,No,No,No,OFF,TX Contact
9,Digital CH,2.Local,443.4,448.4,Mid,300S,No,1,Yes,No,No,25K,None,None,Allow TX,No,Repeat,Slot1,ID-1,1,No,Normal Mode,1,No,Always,None,None,Priority Contacts: Local,RX-Group-1,Priority Contacts: NTX Wide,Priority Contacts: Texas,Priority Contacts: HurstARC,,,,,,,,,,,,,,,,,,,,,,,,,,,,,,,No,No,No,OFF,TX Contact
10,Digital CH,2.NTX Wide,443.4,448.4,Mid,300S,No,1,Yes,No,No,25K,None,None,Allow TX,No,Repeat,Slot2,ID-1,1,No,Normal Mode,1,No,Always,None,None,Priority Contacts: NTX Wide,RX-Group-1,Priority Contacts: NTX Wide,Priority Contacts: Texas,Priority Contacts: HurstARC,,,,,,,,,,,,,,,,,,,,,,,,,,,,,,,No,No,No,OFF,TX Contact
11,Digital CH,2.S.Plains,443.4,448.4,Mid,300S,No,1,Yes,No,No,25K,None,None,Allow TX,No,Repeat,Slot2,ID-1,1,No,Normal Mode,1,No,Always,None,None,Priority Contacts: S.Plains,RX-Group-1,Priority Contacts: NTX Wide,Priority Contacts: Texas,Priority Contacts: HurstARC,,,,,,,,,,,,,,,,,,,,,,,,,,,,,,,No,No,No,OFF,TX Contact
12,Digital CH,2.TC Metro,443.4,448.4,Mid,300S,No,1,Yes,No,No,25K,None,None,Allow TX,No,Repeat,Slot1,ID-1,1,No,Normal Mode,1,No,Always,None,None,Priority Contacts: Metro 2,RX-Group-1,Priority Contacts: NTX Wide,Priority Contacts: Texas,Priority Contacts: HurstARC,,,,,,,,,,,,,,,,,,,,,,,,,,,,,,,No,No,No,OFF,TX Contact
13,Digital CH,2.Texas,443.4,448.4,Mid,300S,No,1,Yes,No,No,25K,None,None,Allow TX,No,Repeat,Slot1,ID-1,1,No,Normal Mode,1,No,Always,None,None,Priority Contacts: Texas,RX-Group-1,Priority Contacts: NTX Wide,Priority Contacts: Texas,Priority Contacts: HurstARC,,,,,,,,,,,,,,,,,,,,,,,,,,,,,,,No,No,No,OFF,TX Contact
14,Digital CH,3.Midwest,443.2625,448.2625,Mid,300S,No,1,Yes,No,No,25K,None,None,Allow TX,No,Repeat,Slot2,ID-1,1,No,Normal Mode,1,No,Always,None,None,Priority Contacts: MW Region,RX-Group-1,Priority Contacts: NTX Wide,Priority Contacts: Texas,Priority Contacts: HurstARC,,,,,,,,,,,,,,,,,,,,,,,,,,,,,,,No,No,No,OFF,TX Contact
15,Digital CH,5.NTX Wide,440.0875,445.0875,Mid,300S,No,1,Yes,No,No,25K,None,None,Allow TX,No,Repeat,Slot1,ID-1,9,No,Normal Mode,1,No,Always,None,None,Priority Contacts: NTX Wide,RX-Group-1,Priority Contacts: NTX Wide,Priority Contacts: Texas,Priority Contacts: HurstARC,,,,,,,,,,,,,,,,,,,,,,,,,,,,,,,No,No,No,OFF,TX Contact
16,Digital CH,5.HurstARC,440.0875,445.0875,Mid,300S,No,1,Yes,No,No,25K,None,None,Allow TX,No,Repeat,Slot1,ID-1,9,No,Normal Mode,1,No,Always,None,None,Priority Contacts: HurstARC,RX-Group-1,Priority Contacts: NTX Wide,Priority Contacts: Texas,Priority Contacts: HurstARC,,,,,,,,,,,,,,,,,,,,,,,,,,,,,,,No,No,No,OFF,TX Contact
17,Digital CH,3.California,443.2625,448.2625,Mid,300S,No,1,Yes,No,No,25K,None,None,Allow TX,No,Repeat,Slot1,ID-1,1,No,Normal Mode,1,No,Always,None,None,Priority Contacts: California,RX-Group-1,Priority Contacts: NTX Wide,Priority Contacts: Texas,Priority Contacts: HurstARC,,,,,,,,,,,,,,,,,,,,,,,,,,,,,,,No,No,No,OFF,TX Contact
18,Digital CH,3.Chicago 1,443.2625,448.2625,Mid,300S,No,1,Yes,No,No,25K,None,None,Allow TX,No,Repeat,Slot1,ID-1,1,No,Normal Mode,1,No,Always,None,None,Priority Contacts: Chicago 1,RX-Group-1,Priority Contacts: NTX Wide,Priority Contacts: Texas,Priority Contacts: HurstARC,,,,,,,,,,,,,,,,,,,,,,,,,,,,,,,No,No,No,OFF,TX Contact
19,Digital CH,3.Chicago 2,443.2625,448.2625,Mid,300S,No,1,Yes,No,No,25K,None,None,Allow TX,No,Repeat,Slot2,ID-1,1,No,Normal Mode,1,No,Always,None,None,Priority Contacts: Chicago 2,RX-Group-1,Priority Contacts: NTX Wide,Priority Contacts: Texas,Priority Contacts: HurstARC,,,,,,,,,,,,,,,,,,,,,,,,,,,,,,,No,No,No,OFF,TX Contact
20,Digital CH,3.DCI Bridge,443.2625,448.2625,Mid,300S,No,1,Yes,No,No,25K,None,None,Allow TX,No,Repeat,Slot2,ID-1,1,No,Normal Mode,1,No,Always,None,None,Priority Contacts: DCI Bridge,RX-Group-1,Priority Contacts: NTX Wide,Priority Contacts: Texas,Priority Contacts: HurstARC,,,,,,,,,,,,,,,,,,,,,,,,,,,,,,,No,No,No,OFF,TX Contact
21,Digital CH,5.Texas,440.0875,445.0875,Mid,300S,No,1,Yes,No,No,25K,None,None,Allow TX,No,Repeat,Slot2,ID-1,9,No,Normal Mode,1,No,Always,None,None,Priority Contacts: Texas,RX-Group-1,Priority Contacts: NTX Wide,Priority Contacts: Texas,Priority Contacts: HurstARC,,,,,,,,,,,,,,,,,,,,,,,,,,,,,,,No,No,No,OFF,TX Contact
22,Digital CH,3.Illinois,443.2625,448.2625,Mid,300S,No,1,Yes,No,No,25K,None,None,Allow TX,No,Repeat,Slot1,ID-1,1,No,Normal Mode,1,No,Always,None,None,Priority Contacts: Illinois,RX-Group-1,Priority Contacts: NTX Wide,Priority Contacts: Texas,Priority Contacts: HurstARC,,,,,,,,,,,,,,,,,,,,,,,,,,,,,,,No,No,No,OFF,TX Contact
23,Digital CH,3.Local,443.2625,448.2625,Mid,300S,No,1,Yes,No,No,25K,None,None,Allow TX,No,Repeat,Slot1,ID-1,1,No,Normal Mode,1,No,Always,None,None,Priority Contacts: Local,RX-Group-1,Priority Contacts: NTX Wide,Priority Contacts: Texas,Priority Contacts: HurstARC,,,,,,,,,,,,,,,,,,,,,,,,,,,,,,,No,No,No,OFF,TX Contact
24,Digital CH,3.Massachusett,443.2625,448.2625,Mid,300S,No,1,Yes,No,No,25K,None,None,Allow TX,No,Repeat,Slot1,ID-1,1,No,Normal Mode,1,No,Always,None,None,Priority Contacts: Massachusetts,RX-Group-1,Priority Contacts: NTX Wide,Priority Contacts: Texas,Priority Contacts: HurstARC,,,,,,,,,,,,,,,,,,,,,,,,,,,,,,,No,No,No,OFF,TX Contact
25,Digital CH,3.NTX Wide,443.2625,448.2625,Mid,300S,No,1,Yes,No,No,25K,None,None,Allow TX,No,Repeat,Slot1,ID-1,1,No,Normal Mode,1,No,Always,None,None,Priority Contacts: NTX Wide,RX-Group-1,Priority Contacts: NTX Wide,Priority Contacts: Texas,Priority Contacts: HurstARC,,,,,,,,,,,,,,,,,,,,,,,,,,,,,,,No,No,No,OFF,TX Contact
26,Digital CH,3.Michigan,443.2625,448.2625,Mid,300S,No,1,Yes,No,No,25K,None,None,Allow TX,No,Repeat,Slot1,ID-1,1,No,Normal Mode,1,No,Always,None,None,Priority Contacts: Michigan,RX-Group-1,Priority Contacts: NTX Wide,Priority Contacts: Texas,Priority Contacts: HurstARC,,,,,,,,,,,,,,,,,,,,,,,,,,,,,,,No,No,No,OFF,TX Contact
27,Digital CH,3.Minnisota,443.2625,448.2625,Mid,300S,No,1,Yes,No,No,25K,None,None,Allow TX,No,Repeat,Slot1,ID-1,1,No,Normal Mode,1,No,Always,None,None,Priority Contacts: Minnesota,RX-Group-1,Priority Contacts: NTX Wide,Priority Contacts: Texas,Priority Contacts: HurstARC,,,,,,,,,,,,,,,,,,,,,,,,,,,,,,,No,No,No,OFF,TX Contact
28,Digital CH,3.Mountain,443.2625,448.2625,Mid,300S,No,1,Yes,No,No,25K,None,None,Allow TX,No,Repeat,Slot1,ID-1,1,No,Normal Mode,1,No,Always,None,None,Priority Contacts: Mountain,RX-Group-1,Priority Contacts: NTX Wide,Priority Contacts: Texas,Priority Contacts: HurstARC,,,,,,,,,,,,,,,,,,,,,,,,,,,,,,,No,No,No,OFF,TX Contact
29,Digital CH,3.N.America,443.2625,448.2625,Mid,300S,No,1,Yes,No,No,25K,None,None,Allow TX,No,Repeat,Slot2,ID-1,1,No,Normal Mode,1,No,Always,None,None,Priority Contacts: N.America,RX-Group-1,Priority Contacts: NTX Wide,Priority Contacts: Texas,Priority Contacts: HurstARC,,,,,,,,,,,,,,,,,,,,,,,,,,,,,,,No,No,No,OFF,TX Contact
30,Digital CH,3.Northeast,443.2625,448.2625,Mid,300S,No,1,Yes,No,No,25K,None,None,Allow TX,No,Repeat,Slot1,ID-1,1,No,Normal Mode,1,No,Always,None,None,Priority Contacts: NE Region,RX-Group-1,Priority Contacts: NTX Wide,Priority Contacts: Texas,Priority Contacts: HurstARC,,,,,,,,,,,,,,,,,,,,,,,,,,,,,,,No,No,No,OFF,TX Contact
31,Digital CH,3.Ohio,443.2625,448.2625,Mid,300S,No,1,Yes,No,No,25K,None,None,Allow TX,No,Repeat,Slot1,ID-1,1,No,Normal Mode,1,No,Always,None,None,Priority Contacts: Ohio,RX-Group-1,Priority Contacts: NTX Wide,Priority Contacts: Texas,Priority Contacts: HurstARC,,,,,,,,,,,,,,,,,,,,,,,,,,,,,,,No,No,No,OFF,TX Contact
32,Digital CH,3.Southeast,443.2625,448.2625,Mid,300S,No,1,Yes,No,No,25K,None,None,Allow TX,No,Repeat,Slot1,ID-1,1,No,Normal Mode,1,No,Always,None,None,Priority Contacts: SE Region,RX-Group-1,Priority Contacts: NTX Wide,Priority Contacts: Texas,Priority Contacts: HurstARC,,,,,,,,,,,,,,,,,,,,,,,,,,,,,,,No,No,No,OFF,TX Contact
33,Digital CH,3.Texas,443.2625,448.2625,Mid,300S,No,1,Yes,No,No,25K,None,None,Allow TX,No,Repeat,Slot1,ID-1,1,No,Normal Mode,1,No,Always,None,None,Priority Contacts: Texas,RX-Group-1,Priority Contacts: NTX Wide,Priority Contacts: Texas,Priority Contacts: HurstARC,,,,,,,,,,,,,,,,,,,,,,,,,,,,,,,No,No,No,OFF,TX Contact
34,Digital CH,3.Southwest,443.2625,448.2625,Mid,300S,No,1,Yes,No,No,25K,None,None,Allow TX,No,Repeat,Slot1,ID-1,1,No,Normal Mode,1,No,Always,None,None,Priority Contacts: SW Region,RX-Group-1,Priority Contacts: NTX Wide,Priority Contacts: Texas,Priority Contacts: HurstARC,,,,,,,,,,,,,,,,,,,,,,,,,,,,,,,No,No,No,OFF,TX Contact
35,Digital CH,3.TAC1,443.2625,448.2625,Mid,300S,No,1,Yes,No,No,25K,None,None,Allow TX,No,Repeat,Slot2,ID-1,1,No,Normal Mode,1,No,Always,None,None,Priority Contacts: TAC1,RX-Group-1,Priority Contacts: NTX Wide,Priority Contacts: Texas,Priority Contacts: HurstARC,,,,,,,,,,,,,,,,,,,,,,,,,,,,,,,No,No,No,OFF,TX Contact
36,Digital CH,3.TAC310,443.2625,448.2625,Mid,300S,No,1,Yes,No,No,25K,None,None,Allow TX,No,Repeat,Slot2,ID-1,1,No,Normal Mode,1,No,Always,None,None,Priority Contacts: TAC310,RX-Group-1,Priority Contacts: NTX Wide,Priority Contacts: Texas,Priority Contacts: HurstARC,,,,,,,,,,,,,,,,,,,,,,,,,,,,,,,No,No,No,OFF,TX Contact
37,Digital CH,3.TAC311,443.2625,448.2625,Mid,300S,No,1,Yes,No,No,25K,None,None,Allow TX,No,Repeat,Slot2,ID-1,1,No,Normal Mode,1,No,Always,None,None,Priority Contacts: TAC311,RX-Group-1,Priority Contacts: NTX Wide,Priority Contacts: Texas,Priority Contacts: HurstARC,,,,,,,,,,,,,,,,,,,,,,,,,,,,,,,No,No,No,OFF,TX Contact
38,Digital CH,3.Texas Nexus,443.2625,448.2625,Mid,300S,No,1,Yes,No,No,25K,None,None,Allow TX,No,Repeat,Slot1,ID-1,1,No,Normal Mode,1,No,Always,None,None,Priority Contacts: Texas Nexus,RX-Group-1,Priority Contacts: NTX Wide,Priority Contacts: Texas,Priority Contacts: HurstARC,,,,,,,,,,,,,,,,,,,,,,,,,,,,,,,No,No,No,OFF,TX Contact
39,Digital CH,3.Tennessee,443.2625,448.2625,Mid,300S,No,1,Yes,No,No,25K,None,None,Allow TX,No,Repeat,Slot1,ID-1,1,No,Normal Mode,1,No,Always,None,None,Priority Contacts: Tennessee,RX-Group-1,Priority Contacts: NTX Wide,Priority Contacts: Texas,Priority Contacts: HurstARC,,,,,,,,,,,,,,,,,,,,,,,,,,,,,,,No,No,No,OFF,TX Contact
40,Digital CH,3.TRBO6 C1,443.2625,448.2625,Mid,300S,No,1,Yes,No,No,25K,None,None,Allow TX,No,Repeat,Slot1,ID-1,1,No,Normal Mode,1,No,Always,None,None,Priority Contacts: TRBO6 Comm1,RX-Group-1,Priority Contacts: NTX Wide,Priority Contacts: Texas,Priority Contacts: HurstARC,,,,,,,,,,,,,,,,,,,,,,,,,,,,,,,No,No,No,OFF,TX Contact
41,Digital CH,3.TRBO6 C2,443.2625,448.2625,Mid,300S,No,1,Yes,No,No,25K,None,None,Allow TX,No,Repeat,Slot2,ID-1,1,No,Normal Mode,1,No,Always,None,None,Priority Contacts: TRBO6 Comm2,RX-Group-1,Priority Contacts: NTX Wide,Priority Contacts: Texas,Priority Contacts: HurstARC,,,,,,,,,,,,,,,,,,,,,,,,,,,,,,,No,No,No,OFF,TX Contact
42,Digital CH,3.UA Eng 1,443.2625,448.2625,Mid,300S,No,1,Yes,No,No,25K,None,None,Allow TX,No,Repeat,Slot1,ID-1,1,No,Normal Mode,1,No,Always,None,None,Priority Contacts: UAe 1,RX-Group-1,Priority Contacts: NTX Wide,Priority Contacts: Texas,Priority Contacts: HurstARC,,,,,,,,,,,,,,,,,,,,,,,,,,,,,,,No,No,No,OFF,TX Contact
43,Digital CH,3.UA Eng 2,443.2625,448.2625,Mid,300S,No,1,Yes,No,No,25K,None,None,Allow TX,No,Repeat,Slot2,ID-1,1,No,Normal Mode,1,No,Always,None,None,Priority Contacts: UAe 2,RX-Group-1,Priority Contacts: NTX Wide,Priority Contacts: Texas,Priority Contacts: HurstARC,,,,,,,,,,,,,,,,,,,,,,,,,,,,,,,No,No,No,OFF,TX Contact
44,Digital CH,3.USA,443.2625,448.2625,Mid,300S,No,1,Yes,No,No,25K,None,None,Allow TX,No,Repeat,Slot2,ID-1,1,No,Normal Mode,1,No,Always,None,None,Priority Contacts: USA,RX-Group-1,Priority Contacts: NTX Wide,Priority Contacts: Texas,Priority Contacts: HurstARC,,,,,,,,,,,,,,,,,,,,,,,,,,,,,,,No,No,No,OFF,TX Contact
45,Digital CH,3.Washington,443.2625,448.2625,Mid,300S,No,1,Yes,No,No,25K,None,None,Allow TX,No,Repeat,Slot1,ID-1,1,No,Normal Mode,1,No,Always,None,None,Priority Contacts: Washington,RX-Group-1,Priority Contacts: NTX Wide,Priority Contacts: Texas,Priority Contacts: HurstARC,,,,,,,,,,,,,,,,,,,,,,,,,,,,,,,No,No,No,OFF,TX Contact
46,Digital CH,3.Wisconsin,443.2625,448.2625,Mid,300S,No,1,Yes,No,No,25K,None,None,Allow TX,No,Repeat,Slot1,ID-1,1,No,Normal Mode,1,No,Always,None,None,Priority Contacts: Wisconsin,RX-Group-1,Priority Contacts: NTX Wide,Priority Contacts: Texas,Priority Contacts: HurstARC,,,,,,,,,,,,,,,,,,,,,,,,,,,,,,,No,No,No,OFF,TX Contact
47,Digital CH,3.WW,443.2625,448.2625,Mid,300S,No,1,Yes,No,No,25K,None,None,Allow TX,No,Repeat,Slot2,ID-1,1,No,Normal Mode,1,No,Always,None,None,Priority Contacts: Worldwide,RX-Group-1,Priority Contacts: NTX Wide,Priority Contacts: Texas,Priority Contacts: HurstARC,,,,,,,,,,,,,,,,,,,,,,,,,,,,,,,No,No,No,OFF,TX Contact
48,Digital CH,3.WWe,443.2625,448.2625,Mid,300S,No,1,Yes,No,No,25K,None,None,Allow TX,No,Repeat,Slot2,ID-1,1,No,Normal Mode,1,No,Always,None,None,Priority Contacts: WW English,RX-Group-1,Priority Contacts: NTX Wide,Priority Contacts: Texas,Priority Contacts: HurstARC,,,,,,,,,,,,,,,,,,,,,,,,,,,,,,,No,No,No,OFF,TX Contact
49,Digital CH,4.WW,440.5375,445.5375,Mid,300S,No,1,Yes,No,No,25K,None,None,Allow TX,No,Repeat,Slot1,ID-1,1,No,Normal Mode,1,No,Always,None,None,Priority Contacts: Worldwide,RX-Group-1,Priority Contacts: NTX Wide,Priority Contacts: Texas,Priority Contacts: HurstARC,,,,,,,,,,,,,,,,,,,,,,,,,,,,,,,No,No,No,OFF,TX Contact
50,Digital CH,4.Local,440.5375,445.5375,Mid,300S,No,1,Yes,No,No,25K,None,None,Allow TX,No,Repeat,Slot1,ID-1,1,No,Normal Mode,1,No,Always,None,None,Priority Contacts: Metro 2,RX-Group-1,Priority Contacts: NTX Wide,Priority Contacts: Texas,Priority Contacts: HurstARC,,,,,,,,,,,,,,,,,,,,,,,,,,,,,,,No,No,No,OFF,TX Contact
51,Digital CH,4.N.America,440.5375,445.5375,Mid,300S,No,1,Yes,No,No,25K,None,None,Allow TX,No,Repeat,Slot1,ID-1,1,No,Normal Mode,1,No,Always,None,None,Priority Contacts: N.America,RX-Group-1,Priority Contacts: NTX Wide,Priority Contacts: Texas,Priority Contacts: HurstARC,,,,,,,,,,,,,,,,,,,,,,,,,,,,,,,No,No,No,OFF,TX Contact
52,Digital CH,4.Tarrant Metr,440.5375,445.5375,Mid,300S,No,1,Yes,No,No,25K,None,None,Allow TX,No,Repeat,Slot1,ID-1,1,No,Normal Mode,1,No,Always,None,None,Priority Contacts: Metro 2,RX-Group-1,Priority Contacts: NTX Wide,Priority Contacts: Texas,Priority Contacts: HurstARC,,,,,,,,,,,,,,,,,,,,,,,,,,,,,,,No,No,No,OFF,TX Contact
53,Digital CH,4.WWe,440.5375,445.5375,Mid,300S,No,1,Yes,No,No,25K,None,None,Allow TX,No,Repeat,Slot1,ID-1,1,No,Normal Mode,1,No,Always,None,None,Priority Contacts: WW English,RX-Group-1,Priority Contacts: NTX Wide,Priority Contacts: Texas,Priority Contacts: HurstARC,,,,,,,,,,,,,,,,,,,,,,,,,,,,,,,No,No,No,OFF,TX Contact
54,Digital CH,4.Texas,440.5375,445.5375,Mid,300S,No,1,Yes,No,No,25K,None,None,Allow TX,No,Repeat,Slot1,ID-1,1,No,Normal Mode,1,No,Always,None,None,Priority Contacts: Texas,RX-Group-1,Priority Contacts: NTX Wide,Priority Contacts: Texas,Priority Contacts: HurstARC,,,,,,,,,,,,,,,,,,,,,,,,,,,,,,,No,No,No,OFF,TX Contact
55,Digital CH,4.BM 3148,440.5375,445.5375,Mid,300S,No,1,Yes,No,No,25K,None,None,Allow TX,No,Repeat,Slot1,ID-1,1,No,Normal Mode,1,No,Always,None,None,Priority Contacts: BM 3148,RX-Group-1,Priority Contacts: NTX Wide,Priority Contacts: Texas,Priority Contacts: HurstARC,,,,,,,,,,,,,,,,,,,,,,,,,,,,,,,No,No,No,OFF,TX Contact
56,Digital CH,4.NTX Wide,440.5375,445.5375,Mid,300S,No,1,Yes,No,No,25K,None,None,Allow TX,No,Repeat,Slot2,ID-1,1,No,Normal Mode,1,No,Always,None,None,Priority Contacts: NTX Wide,RX-Group-1,Priority Contacts: NTX Wide,Priority Contacts: Texas,Priority Contacts: HurstARC,,,,,,,,,,,,,,,,,,,,,,,,,,,,,,,No,No,No,OFF,TX Contact
57,Digital CH,4.S.Plains,440.5375,445.5375,Mid,300S,No,1,Yes,No,No,25K,None,None,Allow TX,No,Repeat,Slot2,ID-1,1,No,Normal Mode,1,No,Always,None,None,Priority Contacts: S.Plains,RX-Group-1,Priority Contacts: NTX Wide,Priority Contacts: Texas,Priority Contacts: HurstARC,,,,,,,,,,,,,,,,,,,,,,,,,,,,,,,No,No,No,OFF,TX Contact
58,Digital CH,4.Cactus,440.5375,445.5375,Mid,300S,No,1,Yes,No,No,25K,None,None,Allow TX,No,Repeat,Slot2,ID-1,1,No,Normal Mode,1,No,Always,None,None,Priority Contacts: Cactus,RX-Group-1,Priority Contacts: NTX Wide,Priority Contacts: Texas,Priority Contacts: HurstARC,,,,,,,,,,,,,,,,,,,,,,,,,,,,,,,No,No,No,OFF,TX Contact
59,Digital CH,5.Texas,441.725,446.725,Mid,300S,No,1,Yes,No,No,25K,None,None,Allow TX,No,Repeat,Slot1,ID-1,1,No,Normal Mode,1,No,Always,None,None,Priority Contacts: Texas,RX-Group-1,Priority Contacts: NTX Wide,Priority Contacts: Texas,Priority Contacts: HurstARC,,,,,,,,,,,,,,,,,,,,,,,,,,,,,,,No,No,No,OFF,TX Contact
60,Digital CH,5.Worldwide,441.725,446.725,Mid,300S,No,1,Yes,No,No,25K,None,None,Allow TX,No,Repeat,Slot1,ID-1,1,No,Normal Mode,1,No,Always,None,None,Priority Contacts: Worldwide,RX-Group-1,Priority Contacts: NTX Wide,Priority Contacts: Texas,Priority Contacts: HurstARC,,,,,,,,,,,,,,,,,,,,,,,,,,,,,,,No,No,No,OFF,TX Contact
61,Digital CH,5.N.America,441.725,446.725,Mid,300S,No,1,Yes,No,No,25K,None,None,Allow TX,No,Repeat,Slot1,ID-1,1,No,Normal Mode,1,No,Always,None,None,Priority Contacts: N.America,RX-Group-1,Priority Contacts: NTX Wide,Priority Contacts: Texas,Priority Contacts: HurstARC,,,,,,,,,,,,,,,,,,,,,,,,,,,,,,,No,No,No,OFF,TX Contact
62,Digital CH,5.TAC310,441.725,446.725,Mid,300S,No,1,Yes,No,No,25K,None,None,Allow TX,No,Repeat,Slot1,ID-1,1,No,Normal Mode,1,No,Always,None,None,Priority Contacts: TAC310,RX-Group-1,Priority Contacts: NTX Wide,Priority Contacts: Texas,Priority Contacts: HurstARC,,,,,,,,,,,,,,,,,,,,,,,,,,,,,,,No,No,No,OFF,TX Contact
63,Digital CH,5.DCI Bridge,441.725,446.725,Mid,300S,No,1,Yes,No,No,25K,None,None,Allow TX,No,Repeat,Slot1,ID-1,1,No,Normal Mode,1,No,Always,None,None,Priority Contacts: DCI Bridge,RX-Group-1,Priority Contacts: NTX Wide,Priority Contacts: Texas,Priority Contacts: HurstARC,,,,,,,,,,,,,,,,,,,,,,,,,,,,,,,No,No,No,OFF,TX Contact
64,Digital CH,5.NTX Wide,441.725,446.725,Mid,300S,No,1,Yes,No,No,25K,None,None,Allow TX,No,Repeat,Slot2,ID-1,1,No,Normal Mode,1,No,Always,None,None,Priority Contacts: NTX Wide,RX-Group-1,Priority Contacts: NTX Wide,Priority Contacts: Texas,Priority Contacts: HurstARC,,,,,,,,,,,,,,,,,,,,,,,,,,,,,,,No,No,No,OFF,TX Contact
65,Digital CH,5.S.Plains,441.725,446.725,Mid,300S,No,1,Yes,No,No,25K,None,None,Allow TX,No,Repeat,Slot2,ID-1,1,No,Normal Mode,1,No,Always,None,None,Priority Contacts: S.Plains,RX-Group-1,Priority Contacts: NTX Wide,Priority Contacts: Texas,Priority Contacts: HurstARC,,,,,,,,,,,,,,,,,,,,,,,,,,,,,,,No,No,No,OFF,TX Contact
66,Digital CH,6.Texas,443.275,448.275,Mid,300S,No,1,Yes,No,No,25K,None,None,Allow TX,No,Repeat,Slot1,ID-1,9,No,Normal Mode,1,No,Always,None,None,Priority Contacts: Texas,RX-Group-1,Priority Contacts: NTX Wide,Priority Contacts: Texas,Priority Contacts: HurstARC,,,,,,,,,,,,,,,,,,,,,,,,,,,,,,,No,No,No,OFF,TX Contact
67,Digital CH,6.BM 3148,443.275,448.275,Mid,300S,No,1,Yes,No,No,25K,None,None,Allow TX,No,Repeat,Slot1,ID-1,9,No,Normal Mode,1,No,Always,None,None,Priority Contacts: BM 3148,RX-Group-1,Priority Contacts: NTX Wide,Priority Contacts: Texas,Priority Contacts: HurstARC,,,,,,,,,,,,,,,,,,,,,,,,,,,,,,,No,No,No,OFF,TX Contact
68,Digital CH,6.Oklahoma,443.275,448.275,Mid,300S,No,1,Yes,No,No,25K,None,None,Allow TX,No,Repeat,Slot1,ID-1,9,No,Normal Mode,1,No,Always,None,None,Priority Contacts: Oklahoma,RX-Group-1,Priority Contacts: NTX Wide,Priority Contacts: Texas,Priority Contacts: HurstARC,,,,,,,,,,,,,,,,,,,,,,,,,,,,,,,No,No,No,OFF,TX Contact
69,Digital CH,6.NTX Wide,443.275,448.275,Mid,300S,No,1,Yes,No,No,25K,None,None,Allow TX,No,Repeat,Slot2,ID-1,9,No,Normal Mode,1,No,Always,None,None,Priority Contacts: NTX Wide,RX-Group-1,Priority Contacts: NTX Wide,Priority Contacts: Texas,Priority Contacts: HurstARC,,,,,,,,,,,,,,,,,,,,,,,,,,,,,,,No,No,No,OFF,TX Contact
70,Digital CH,6.TC Metro,443.275,448.275,Mid,300S,No,1,Yes,No,No,25K,None,None,Allow TX,No,Repeat,Slot2,ID-1,9,No,Normal Mode,1,No,Always,None,None,Priority Contacts: Metro 2,RX-Group-1,Priority Contacts: NTX Wide,Priority Contacts: Texas,Priority Contacts: HurstARC,,,,,,,,,,,,,,,,,,,,,,,,,,,,,,,No,No,No,OFF,TX Contact
71,Digital CH,7.Worldwide,441.3375,446.3375,Mid,300S,No,1,Yes,No,No,25K,None,None,Allow TX,No,Repeat,Slot1,ID-1,1,No,Normal Mode,1,No,Always,None,None,Priority Contacts: Worldwide,RX-Group-1,Priority Contacts: NTX Wide,Priority Contacts: Texas,Priority Contacts: HurstARC,,,,,,,,,,,,,,,,,,,,,,,,,,,,,,,No,No,No,OFF,TX Contact
72,Digital CH,7.N.America,441.3375,446.3375,Mid,300S,No,1,Yes,No,No,25K,None,None,Allow TX,No,Repeat,Slot1,ID-1,1,No,Normal Mode,1,No,Always,None,None,Priority Contacts: N.America,RX-Group-1,Priority Contacts: NTX Wide,Priority Contacts: Texas,Priority Contacts: HurstARC,,,,,,,,,,,,,,,,,,,,,,,,,,,,,,,No,No,No,OFF,TX Contact
73,Digital CH,7.WWe,441.3375,446.3375,Mid,300S,No,1,Yes,No,No,25K,None,None,Allow TX,No,Repeat,Slot1,ID-1,1,No,Normal Mode,1,No,Always,None,None,Priority Contacts: WW English,RX-Group-1,Priority Contacts: NTX Wide,Priority Contacts: Texas,Priority Contacts: HurstARC,,,,,,,,,,,,,,,,,,,,,,,,,,,,,,,No,No,No,OFF,TX Contact
74,Digital CH,7.NTX Wide,441.3375,446.3375,Mid,300S,No,1,Yes,No,No,25K,None,None,Allow TX,No,Repeat,Slot2,ID-1,1,No,Normal Mode,1,No,Always,None,None,Priority Contacts: NTX Wide,RX-Group-1,Priority Contacts: NTX Wide,Priority Contacts: Texas,Priority Contacts: HurstARC,,,,,,,,,,,,,,,,,,,,,,,,,,,,,,,No,No,No,OFF,TX Contact
75,Digital CH,7.Local,441.3375,446.3375,Mid,300S,No,1,Yes,No,No,25K,None,None,Allow TX,No,Repeat,Slot2,ID-1,1,No,Normal Mode,1,No,Always,None,None,Priority Contacts: Local,RX-Group-1,Priority Contacts: NTX Wide,Priority Contacts: Texas,Priority Contacts: HurstARC,,,,,,,,,,,,,,,,,,,,,,,,,,,,,,,No,No,No,OFF,TX Contact
76,Digital CH,7.TAC310,441.3375,446.3375,Mid,300S,No,1,Yes,No,No,25K,None,None,Allow TX,No,Repeat,Slot2,ID-1,1,No,Normal Mode,1,No,Always,None,None,Priority Contacts: TAC310,RX-Group-1,Priority Contacts: NTX Wide,Priority Contacts: Texas,Priority Contacts: HurstARC,,,,,,,,,,,,,,,,,,,,,,,,,,,,,,,No,No,No,OFF,TX Contact
77,Digital CH,7.DCI Bridge,441.3375,446.3375,Mid,300S,No,1,Yes,No,No,25K,None,None,Allow TX,No,Repeat,Slot2,ID-1,1,No,Normal Mode,1,No,Always,None,None,Priority Contacts: DCI Bridge,RX-Group-1,Priority Contacts: NTX Wide,Priority Contacts: Texas,Priority Contacts: HurstARC,,,,,,,,,,,,,,,,,,,,,,,,,,,,,,,No,No,No,OFF,TX Contact
78,Digital CH,7.Texas,441.3375,446.3375,Mid,300S,No,1,Yes,No,No,25K,None,None,Allow TX,No,Repeat,Slot2,ID-1,1,No,Normal Mode,1,No,Always,None,None,Priority Contacts: Texas,RX-Group-1,Priority Contacts: NTX Wide,Priority Contacts: Texas,Priority Contacts: HurstARC,,,,,,,,,,,,,,,,,,,,,,,,,,,,,,,No,No,No,OFF,TX Contact
79,Digital CH,7.Parrot,441.3375,446.3375,Mid,300S,No,1,Yes,No,No,25K,None,None,Allow TX,No,Repeat,Slot2,ID-1,1,No,Normal Mode,1,No,Always,None,None,Priority Contacts: Parrot,RX-Group-1,Priority Contacts: NTX Wide,Priority Contacts: Texas,Priority Contacts: HurstARC,,,,,,,,,,,,,,,,,,,,,,,,,,,,,,,No,No,No,OFF,TX Contact
80,Digital CH,7.Audio Test,441.3375,446.3375,Mid,300S,No,1,Yes,No,No,25K,None,None,Allow TX,No,Repeat,Slot2,ID-1,1,No,Normal Mode,1,No,Always,None,None,Priority Contacts: Audio Test,RX-Group-1,Priority Contacts: NTX Wide,Priority Contacts: Texas,Priority Contacts: HurstARC,,,,,,,,,,,,,,,,,,,,,,,,,,,,,,,No,No,No,OFF,TX Contact
81,Digital CH,8.Texas,440.6625,445.6625,Mid,300S,No,1,Yes,No,No,25K,None,None,Allow TX,No,Repeat,Slot1,ID-1,1,No,Normal Mode,1,No,Always,None,None,Priority Contacts: Texas,RX-Group-1,Priority Contacts: NTX Wide,Priority Contacts: Texas,Priority Contacts: HurstARC,,,,,,,,,,,,,,,,,,,,,,,,,,,,,,,No,No,No,OFF,TX Contact
82,Digital CH,8.Worldwide,440.6625,445.6625,Mid,300S,No,1,Yes,No,No,25K,None,None,Allow TX,No,Repeat,Slot1,ID-1,1,No,Normal Mode,1,No,Always,None,None,Priority Contacts: Worldwide,RX-Group-1,Priority Contacts: NTX Wide,Priority Contacts: Texas,Priority Contacts: HurstARC,,,,,,,,,,,,,,,,,,,,,,,,,,,,,,,No,No,No,OFF,TX Contact
83,Digital CH,8.N.America,440.6625,445.6625,Mid,300S,No,1,Yes,No,No,25K,None,None,Allow TX,No,Repeat,Slot1,ID-1,1,No,Normal Mode,1,No,Always,None,None,Priority Contacts: N.America,RX-Group-1,Priority Contacts: NTX Wide,Priority Contacts: Texas,Priority Contacts: HurstARC,,,,,,,,,,,,,,,,,,,,,,,,,,,,,,,No,No,No,OFF,TX Contact
84,Digital CH,8.WWe,440.6625,445.6625,Mid,300S,No,1,Yes,No,No,25K,None,None,Allow TX,No,Repeat,Slot1,ID-1,1,No,Normal Mode,1,No,Always,None,None,Priority Contacts: WW English,RX-Group-1,Priority Contacts: NTX Wide,Priority Contacts: Texas,Priority Contacts: HurstARC,,,,,,,,,,,,,,,,,,,,,,,,,,,,,,,No,No,No,OFF,TX Contact
85,Digital CH,8.TAC310,440.6625,445.6625,Mid,300S,No,1,Yes,No,No,25K,None,None,Allow TX,No,Repeat,Slot1,ID-1,1,No,Normal Mode,1,No,Always,None,None,Priority Contacts: TAC310,RX-Group-1,Priority Contacts: NTX Wide,Priority Contacts: Texas,Priority Contacts: HurstARC,,,,,,,,,,,,,,,,,,,,,,,,,,,,,,,No,No,No,OFF,TX Contact
86,Digital CH,8.BronxTRBO,440.6625,445.6625,Mid,300S,No,1,Yes,No,No,25K,None,None,Allow TX,No,Repeat,Slot1,ID-1,1,No,Normal Mode,1,No,Always,None,None,Priority Contacts: BronxTRBO,RX-Group-1,Priority Contacts: NTX Wide,Priority Contacts: Texas,Priority Contacts: HurstARC,,,,,,,,,,,,,,,,,,,,,,,,,,,,,,,No,No,No,OFF,TX Contact
87,Digital CH,8.NTX Wide,440.6625,445.6625,Mid,300S,No,1,Yes,No,No,25K,None,None,Allow TX,No,Repeat,Slot2,ID-1,1,No,Normal Mode,1,No,Always,None,None,Priority Contacts: NTX Wide,RX-Group-1,Priority Contacts: NTX Wide,Priority Contacts: Texas,Priority Contacts: HurstARC,,,,,,,,,,,,,,,,,,,,,,,,,,,,,,,No,No,No,OFF,TX Contact
88,Digital CH,8.S.Plains,440.6625,445.6625,Mid,300S,No,1,Yes,No,No,25K,None,None,Allow TX,No,Repeat,Slot2,ID-1,1,No,Normal Mode,1,No,Always,None,None,Priority Contacts: S.Plains,RX-Group-1,Priority Contacts: NTX Wide,Priority Contacts: Texas,Priority Contacts: HurstARC,,,,,,,,,,,,,,,,,,,,,,,,,,,,,,,No,No,No,OFF,TX Contact
89,Digital CH,8.DCI Bridge,440.6625,445.6625,Mid,300S,No,1,Yes,No,No,25K,None,None,Allow TX,No,Repeat,Slot2,ID-1,1,No,Normal Mode,1,No,Always,None,None,Priority Contacts: DCI Bridge,RX-Group-1,Priority Contacts: NTX Wide,Priority Contacts: Texas,Priority Contacts: HurstARC,,,,,,,,,,,,,,,,,,,,,,,,,,,,,,,No,No,No,OFF,TX Contact
90,Digital CH,8.BM 3148,440.6625,445.6625,Mid,300S,No,1,Yes,No,No,25K,None,None,Allow TX,No,Repeat,Slot2,ID-1,1,No,Normal Mode,1,No,Always,None,None,Priority Contacts: BM 3148,RX-Group-1,Priority Contacts: NTX Wide,Priority Contacts: Texas,Priority Contacts: HurstARC,,,,,,,,,,,,,,,,,,,,,,,,,,,,,,,No,No,No,OFF,TX Contact
91,Digital CH,9.Worldwide,441.975,446.975,Mid,300S,No,1,Yes,No,No,25K,None,None,Allow TX,No,Repeat,Slot2,ID-1,1,No,Normal Mode,1,No,Always,None,None,Priority Contacts: Worldwide,RX-Group-1,Priority Contacts: NTX Wide,Priority Contacts: Texas,Priority Contacts: HurstARC,,,,,,,,,,,,,,,,,,,,,,,,,,,,,,,No,No,No,OFF,TX Contact
92,Digital CH,9.Local,441.975,446.975,Mid,300S,No,1,Yes,No,No,25K,None,None,Allow TX,No,Repeat,Slot2,ID-1,1,No,Normal Mode,1,No,Always,None,None,Priority Contacts: Local,RX-Group-1,Priority Contacts: NTX Wide,Priority Contacts: Texas,Priority Contacts: HurstARC,,,,,,,,,,,,,,,,,,,,,,,,,,,,,,,No,No,No,OFF,TX Contact
93,Digital CH,9.N.America,441.975,446.975,Mid,300S,No,1,Yes,No,No,25K,None,None,Allow TX,No,Repeat,Slot2,ID-1,1,No,Normal Mode,1,No,Always,None,None,Priority Contacts: N.America,RX-Group-1,Priority Contacts: NTX Wide,Priority Contacts: Texas,Priority Contacts: HurstARC,,,,,,,,,,,,,,,,,,,,,,,,,,,,,,,No,No,No,OFF,TX Contact
94,Digital CH,9.Tarrant Metr,441.975,446.975,Mid,300S,No,1,Yes,No,No,25K,None,None,Allow TX,No,Repeat,Slot2,ID-1,1,No,Normal Mode,1,No,Always,None,None,Priority Contacts: Metro 2,RX-Group-1,Priority Contacts: NTX Wide,Priority Contacts: Texas,Priority Contacts: HurstARC,,,,,,,,,,,,,,,,,,,,,,,,,,,,,,,No,No,No,OFF,TX Contact
95,Digital CH,9.WWe,441.975,446.975,Mid,300S,No,1,Yes,No,No,25K,None,None,Allow TX,No,Repeat,Slot2,ID-1,1,No,Normal Mode,1,No,Always,None,None,Priority Contacts: WW English,RX-Group-1,Priority Contacts: NTX Wide,Priority Contacts: Texas,Priority Contacts: HurstARC,,,,,,,,,,,,,,,,,,,,,,,,,,,,,,,No,No,No,OFF,TX Contact
96,Digital CH,9.Texas,441.975,446.975,Mid,300S,No,1,Yes,No,No,25K,None,None,Allow TX,No,Repeat,Slot2,ID-1,1,No,Normal Mode,1,No,Always,None,None,Priority Contacts: Texas,RX-Group-1,Priority Contacts: NTX Wide,Priority Contacts: Texas,Priority Contacts: HurstARC,,,,,,,,,,,,,,,,,,,,,,,,,,,,,,,No,No,No,OFF,TX Contact
97,Digital CH,9.BM 3148,441.975,446.975,Mid,300S,No,1,Yes,No,No,25K,None,None,Allow TX,No,Repeat,Slot2,ID-1,1,No,Normal Mode,1,No,Always,None,None,Priority Contacts: BM 3148,RX-Group-1,Priority Contacts: NTX Wide,Priority Contacts: Texas,Priority Contacts: HurstARC,,,,,,,,,,,,,,,,,,,,,,,,,,,,,,,No,No,No,OFF,TX Contact
98,Digital CH,9.NTX Wide,441.975,446.975,Mid,300S,No,1,Yes,No,No,25K,None,None,Allow TX,No,Repeat,Slot1,ID-1,1,No,Normal Mode,1,No,Always,None,None,Priority Contacts: NTX Wide,RX-Group-1,Priority Contacts: NTX Wide,Priority Contacts: Texas,Priority Contacts: HurstARC,,,,,,,,,,,,,,,,,,,,,,,,,,,,,,,No,No,No,OFF,TX Contact
99,Digital CH,9.S.Plains,441.975,446.975,Mid,300S,No,1,Yes,No,No,25K,None,None,Allow TX,No,Repeat,Slot1,ID-1,1,No,Normal Mode,1,No,Always,None,None,Priority Contacts: S.Plains,RX-Group-1,Priority Contacts: NTX Wide,Priority Contacts: Texas,Priority Contacts: HurstARC,,,,,,,,,,,,,,,,,,,,,,,,,,,,,,,No,No,No,OFF,TX Contact
100,Digital CH,9.Cactus,441.975,446.975,Mid,300S,No,1,Yes,No,No,25K,None,None,Allow TX,No,Repeat,Slot1,ID-1,1,No,Normal Mode,1,No,Always,None,None,Priority Contacts: Cactus,RX-Group-1,Priority Contacts: NTX Wide,Priority Contacts: Texas,Priority Contacts: HurstARC,,,,,,,,,,,,,,,,,,,,,,,,,,,,,,,No,No,No,OFF,TX Contact
101,Digital CH,10.NTX Wide,443.45,448.45,Mid,300S,No,1,Yes,No,No,25K,None,None,Allow TX,No,Repeat,Slot1,ID-1,1,No,Normal Mode,1,No,Always,None,None,Priority Contacts: Local,RX-Group-1,Priority Contacts: NTX Wide,Priority Contacts: Texas,Priority Contacts: HurstARC,,,,,,,,,,,,,,,,,,,,,,,,,,,,,,,No,No,No,OFF,TX Contact
102,Digital CH,10.Texas,443.45,448.45,Mid,300S,No,1,Yes,No,No,25K,None,None,Allow TX,No,Repeat,Slot2,ID-1,1,No,Normal Mode,1,No,Always,None,None,Priority Contacts: Texas,RX-Group-1,Priority Contacts: NTX Wide,Priority Contacts: Texas,Priority Contacts: HurstARC,,,,,,,,,,,,,,,,,,,,,,,,,,,,,,,No,No,No,OFF,TX Contact
103,Digital CH,11.Texas,442.925,447.925,Mid,300S,No,1,Yes,No,No,25K,None,None,Allow TX,No,Repeat,Slot1,ID-1,1,No,Normal Mode,1,No,Always,None,None,Priority Contacts: Texas,RX-Group-1,Priority Contacts: NTX Wide,Priority Contacts: Texas,Priority Contacts: HurstARC,,,,,,,,,,,,,,,,,,,,,,,,,,,,,,,No,No,No,OFF,TX Contact
104,Digital CH,11.BM 3148,442.925,447.925,Mid,300S,No,1,Yes,No,No,25K,None,None,Allow TX,No,Repeat,Slot1,ID-1,1,No,Normal Mode,1,No,Always,None,None,Priority Contacts: BM 3148,RX-Group-1,Priority Contacts: NTX Wide,Priority Contacts: Texas,Priority Contacts: HurstARC,,,,,,,,,,,,,,,,,,,,,,,,,,,,,,,No,No,No,OFF,TX Contact
105,Digital CH,11.Texas Nexus,442.925,447.925,Mid,300S,No,1,Yes,No,No,25K,None,None,Allow TX,No,Repeat,Slot1,ID-1,1,No,Normal Mode,1,No,Always,None,None,Priority Contacts: Texas Nexus,RX-Group-1,Priority Contacts: NTX Wide,Priority Contacts: Texas,Priority Contacts: HurstARC,,,,,,,,,,,,,,,,,,,,,,,,,,,,,,,No,No,No,OFF,TX Contact
106,Digital CH,11.DMR Track,442.925,447.925,Mid,300S,No,1,Yes,No,No,25K,None,None,Allow TX,No,Repeat,Slot1,ID-1,1,No,Normal Mode,1,No,Always,None,None,Priority Contacts: DMR Track,RX-Group-1,Priority Contacts: NTX Wide,Priority Contacts: Texas,Priority Contacts: HurstARC,,,,,,,,,,,,,,,,,,,,,,,,,,,,,,,No,No,No,OFF,TX Contact
107,Digital CH,11.Oklahoma,442.925,447.925,Mid,300S,No,1,Yes,No,No,25K,None,None,Allow TX,No,Repeat,Slot1,ID-1,1,No,Normal Mode,1,No,Always,None,None,Priority Contacts: Oklahoma,RX-Group-1,Priority Contacts: NTX Wide,Priority Contacts: Texas,Priority Contacts: HurstARC,,,,,,,,,,,,,,,,,,,,,,,,,,,,,,,No,No,No,OFF,TX Contact
108,Digital CH,11.NTX Wide,442.925,447.925,Mid,300S,No,1,Yes,No,No,25K,None,None,Allow TX,No,Repeat,Slot2,ID-1,1,No,Normal Mode,1,No,Always,None,None,Priority Contacts: NTX Wide,RX-Group-1,Priority Contacts: NTX Wide,Priority Contacts: Texas,Priority Contacts: HurstARC,,,,,,,,,,,,,,,,,,,,,,,,,,,,,,,No,No,No,OFF,TX Contact
109,Digital CH,11.Local,442.925,447.925,Mid,300S,No,1,Yes,No,No,25K,None,None,Allow TX,No,Repeat,Slot2,ID-1,1,No,Normal Mode,1,No,Always,None,None,Priority Contacts: Local,RX-Group-1,Priority Contacts: NTX Wide,Priority Contacts: Texas,Priority Contacts: HurstARC,,,,,,,,,,,,,,,,,,,,,,,,,,,,,,,No,No,No,OFF,TX Contact
110,Digital CH,12.Local,440.5125,445.5125,Mid,300S,No,1,Yes,No,No,25K,None,None,Allow TX,No,Repeat,Slot2,ID-1,9,No,Normal Mode,1,No,Always,None,None,Priority Contacts: Local,RX-Group-1,Priority Contacts: NTX Wide,Priority Contacts: Texas,Priority Contacts: HurstARC,,,,,,,,,,,,,,,,,,,,,,,,,,,,,,,No,No,No,OFF,TX Contact
111,Digital CH,12.NTX Wide,440.5125,445.5125,Mid,300S,No,1,Yes,No,No,25K,None,None,Allow TX,No,Repeat,Slot2,ID-1,9,No,Normal Mode,1,No,Always,None,None,Priority Contacts: NTX Wide,RX-Group-1,Priority Contacts: NTX Wide,Priority Contacts: Texas,Priority Contacts: HurstARC,,,,,,,,,,,,,,,,,,,,,,,,,,,,,,,No,No,No,OFF,TX Contact
112,Digital CH,12.N.America,440.5125,445.5125,Mid,300S,No,1,Yes,No,No,25K,None,None,Allow TX,No,Repeat,Slot1,ID-1,9,No,Normal Mode,1,No,Always,None,None,Priority Contacts: N.America,RX-Group-1,Priority Contacts: NTX Wide,Priority Contacts: Texas,Priority Contacts: HurstARC,,,,,,,,,,,,,,,,,,,,,,,,,,,,,,,No,No,No,OFF,TX Contact
113,Digital CH,12.S.Plains,440.5125,445.5125,Mid,300S,No,1,Yes,No,No,25K,None,None,Allow TX,No,Repeat,Slot2,ID-1,9,No,Normal Mode,1,No,Always,None,None,Priority Contacts: S.Plains,RX-Group-1,Priority Contacts: NTX Wide,Priority Contacts: Texas,Priority Contacts: HurstARC,,,,,,,,,,,,,,,,,,,,,,,,,,,,,,,No,No,No,OFF,TX Contact
114,Digital CH,12.TAC310,440.5125,445.5125,Mid,300S,No,1,Yes,No,No,25K,None,None,Allow TX,No,Repeat,Slot2,ID-1,9,No,Normal Mode,1,No,Always,None,None,Priority Contacts: TAC310,RX-Group-1,Priority Contacts: NTX Wide,Priority Contacts: Texas,Priority Contacts: HurstARC,,,,,,,,,,,,,,,,,,,,,,,,,,,,,,,No,No,No,OFF,TX Contact
115,Digital CH,12.TAC311,440.5125,445.5125,Mid,300S,No,1,Yes,No,No,25K,None,None,Allow TX,No,Repeat,Slot2,ID-1,9,No,Normal Mode,1,No,Always,None,None,Priority Contacts: TAC311,RX-Group-1,Priority Contacts: NTX Wide,Priority Contacts: Texas,Priority Contacts: HurstARC,,,,,,,,,,,,,,,,,,,,,,,,,,,,,,,No,No,No,OFF,TX Contact
116,Digital CH,12.Texas,440.5125,445.5125,Mid,300S,No,1,Yes,No,No,25K,None,None,Allow TX,No,Repeat,Slot2,ID-1,9,No,Normal Mode,1,No,Always,None,None,Priority Contacts: Texas,RX-Group-1,Priority Contacts: NTX Wide,Priority Contacts: Texas,Priority Contacts: HurstARC,,,,,,,,,,,,,,,,,,,,,,,,,,,,,,,No,No,No,OFF,TX Contact
117,Digital CH,12.Worldwide,440.5125,445.5125,Mid,300S,No,1,Yes,No,No,25K,None,None,Allow TX,No,Repeat,Slot1,ID-1,9,No,Normal Mode,1,No,Always,None,None,Priority Contacts: Worldwide,RX-Group-1,Priority Contacts: NTX Wide,Priority Contacts: Texas,Priority Contacts: HurstARC,,,,,,,,,,,,,,,,,,,,,,,,,,,,,,,No,No,No,OFF,TX Contact
118,Digital CH,13.Local,442.65,447.65,Mid,300S,No,1,Yes,No,No,25K,None,None,Allow TX,No,Repeat,Slot1,ID-1,1,No,Normal Mode,1,No,Always,None,None,Priority Contacts: Local,RX-Group-1,Priority Contacts: NTX Wide,Priority Contacts: Texas,Priority Contacts: HurstARC,,,,,,,,,,,,,,,,,,,,,,,,,,,,,,,No,No,No,OFF,TX Contact
119,Digital CH,13.Austin,442.65,447.65,Mid,300S,No,1,Yes,No,No,25K,None,None,Allow TX,No,Repeat,Slot1,ID-1,1,No,Normal Mode,1,No,Always,None,None,Priority Contacts: Metro 2,RX-Group-1,Priority Contacts: NTX Wide,Priority Contacts: Texas,Priority Contacts: HurstARC,,,,,,,,,,,,,,,,,,,,,,,,,,,,,,,No,No,No,OFF,TX Contact
120,Digital CH,13.Texas,442.65,447.65,Mid,300S,No,1,Yes,No,No,25K,None,None,Allow TX,No,Repeat,Slot1,ID-1,1,No,Normal Mode,1,No,Always,None,None,Priority Contacts: Texas,RX-Group-1,Priority Contacts: NTX Wide,Priority Contacts: Texas,Priority Contacts: HurstARC,,,,,,,,,,,,,,,,,,,,,,,,,,,,,,,No,No,No,OFF,TX Contact
121,Digital CH,13.S.Plains,442.65,447.65,Mid,300S,No,1,Yes,No,No,25K,None,None,Allow TX,No,Repeat,Slot2,ID-1,1,No,Normal Mode,1,No,Always,None,None,Priority Contacts: S.Plains,RX-Group-1,Priority Contacts: NTX Wide,Priority Contacts: Texas,Priority Contacts: HurstARC,,,,,,,,,,,,,,,,,,,,,,,,,,,,,,,No,No,No,OFF,TX Contact
122,Digital CH,14.NTX Wide,440.6875,445.6875,Mid,300S,No,1,Yes,No,No,25K,None,None,Allow TX,No,Repeat,Slot1,ID-1,1,No,Normal Mode,1,No,Always,None,None,Priority Contacts: NTX Wide,RX-Group-1,Priority Contacts: NTX Wide,Priority Contacts: Texas,Priority Contacts: HurstARC,,,,,,,,,,,,,,,,,,,,,,,,,,,,,,,No,No,No,OFF,TX Contact
123,Digital CH,14.Texas,440.6875,445.6875,Mid,300S,No,1,Yes,No,No,25K,None,None,Allow TX,No,Repeat,Slot2,ID-1,1,No,Normal Mode,1,No,Always,None,None,Priority Contacts: Texas,RX-Group-1,Priority Contacts: NTX Wide,Priority Contacts: Texas,Priority Contacts: HurstARC,,,,,,,,,,,,,,,,,,,,,,,,,,,,,,,No,No,No,OFF,TX Contact
124,Digital CH,15.Worldwide,440.5,445.5,Mid,300S,No,1,Yes,No,No,25K,None,None,Allow TX,No,Repeat,Slot1,ID-1,1,No,Normal Mode,1,No,Always,None,None,Priority Contacts: Worldwide,RX-Group-1,Priority Contacts: NTX Wide,Priority Contacts: Texas,Priority Contacts: HurstARC,,,,,,,,,,,,,,,,,,,,,,,,,,,,,,,No,No,No,OFF,TX Contact
125,Digital CH,15.NTX Wide,440.5,445.5,Mid,300S,No,1,Yes,No,No,25K,None,None,Allow TX,No,Repeat,Slot1,ID-1,1,No,Normal Mode,1,No,Always,None,None,Priority Contacts: NTX Wide,RX-Group-1,Priority Contacts: NTX Wide,Priority Contacts: Texas,Priority Contacts: HurstARC,,,,,,,,,,,,,,,,,,,,,,,,,,,,,,,No,No,No,OFF,TX Contact
126,Digital CH,15.N.America,440.5,445.5,Mid,300S,No,1,Yes,No,No,25K,None,None,Allow TX,No,Repeat,Slot1,ID-1,1,No,Normal Mode,1,No,Always,None,None,Priority Contacts: N.America,RX-Group-1,Priority Contacts: NTX Wide,Priority Contacts: Texas,Priority Contacts: HurstARC,,,,,,,,,,,,,,,,,,,,,,,,,,,,,,,No,No,No,OFF,TX Contact
127,Digital CH,15.Local,440.5,445.5,Mid,300S,No,1,Yes,No,No,25K,None,None,Allow TX,No,Repeat,Slot1,ID-1,1,No,Normal Mode,1,No,Always,None,None,Priority Contacts: Local,RX-Group-1,Priority Contacts: NTX Wide,Priority Contacts: Texas,Priority Contacts: HurstARC,,,,,,,,,,,,,,,,,,,,,,,,,,,,,,,No,No,No,OFF,TX Contact
128,Digital CH,15.WWe,440.5,445.5,Mid,300S,No,1,Yes,No,No,25K,None,None,Allow TX,No,Repeat,Slot1,ID-1,1,No,Normal Mode,1,No,Always,None,None,Priority Contacts: WW English,RX-Group-1,Priority Contacts: NTX Wide,Priority Contacts: Texas,Priority Contacts: HurstARC,,,,,,,,,,,,,,,,,,,,,,,,,,,,,,,No,No,No,OFF,TX Contact
129,Digital CH,15.TAC310,440.5,445.5,Mid,300S,No,1,Yes,No,No,25K,None,None,Allow TX,No,Repeat,Slot1,ID-1,1,No,Normal Mode,1,No,Always,None,None,Priority Contacts: TAC310,RX-Group-1,Priority Contacts: NTX Wide,Priority Contacts: Texas,Priority Contacts: HurstARC,,,,,,,,,,,,,,,,,,,,,,,,,,,,,,,No,No,No,OFF,TX Contact
130,Digital CH,15.Tarrant Met,440.5,445.5,Mid,300S,No,1,Yes,No,No,25K,None,None,Allow TX,No,Repeat,Slot2,ID-1,1,No,Normal Mode,1,No,Always,None,None,Priority Contacts: Metro 2,RX-Group-1,Priority Contacts: NTX Wide,Priority Contacts: Texas,Priority Contacts: HurstARC,,,,,,,,,,,,,,,,,,,,,,,,,,,,,,,No,No,No,OFF,TX Contact
131,Digital CH,15.TAC311,440.5,445.5,Mid,300S,No,1,Yes,No,No,25K,None,None,Allow TX,No,Repeat,Slot2,ID-1,1,No,Normal Mode,1,No,Always,None,None,Priority Contacts: TAC311,RX-Group-1,Priority Contacts: NTX Wide,Priority Contacts: Texas,Priority Contacts: HurstARC,,,,,,,,,,,,,,,,,,,,,,,,,,,,,,,No,No,No,OFF,TX Contact
132,Digital CH,15.DCI Bridge,440.5,445.5,Mid,300S,No,1,Yes,No,No,25K,None,None,Allow TX,No,Repeat,Slot2,ID-1,1,No,Normal Mode,1,No,Always,None,None,Priority Contacts: DCI Bridge,RX-Group-1,Priority Contacts: NTX Wide,Priority Contacts: Texas,Priority Contacts: HurstARC,,,,,,,,,,,,,,,,,,,,,,,,,,,,,,,No,No,No,OFF,TX Contact
133,Digital CH,15.Texas,440.5,445.5,Mid,300S,No,1,Yes,No,No,25K,None,None,Allow TX,No,Repeat,Slot2,ID-1,1,No,Normal Mode,1,No,Always,None,None,Priority Contacts: Texas,RX-Group-1,Priority Contacts: NTX Wide,Priority Contacts: Texas,Priority Contacts: HurstARC,,,,,,,,,,,,,,,,,,,,,,,,,,,,,,,No,No,No,OFF,TX Contact
134,Digital CH,15.S.Plains,440.5,445.5,Mid,300S,No,1,Yes,No,No,25K,None,None,Allow TX,No,Repeat,Slot2,ID-1,1,No,Normal Mode,1,No,Always,None,None,Priority Contacts: S.Plains,RX-Group-1,Priority Contacts: NTX Wide,Priority Contacts: Texas,Priority Contacts: HurstARC,,,,,,,,,,,,,,,,,,,,,,,,,,,,,,,No,No,No,OFF,TX Contact
135,Digital CH,16.Worldwide,440.45,445.45,Mid,300S,No,1,Yes,No,No,25K,None,None,Allow TX,No,Repeat,Slot1,ID-1,1,No,Normal Mode,1,No,Always,None,None,Priority Contacts: Worldwide,RX-Group-1,Priority Contacts: NTX Wide,Priority Contacts: Texas,Priority Contacts: HurstARC,,,,,,,,,,,,,,,,,,,,,,,,,,,,,,,No,No,No,OFF,TX Contact
136,Digital CH,16.NTX Wide,440.45,445.45,Mid,300S,No,1,Yes,No,No,25K,None,None,Allow TX,No,Repeat,Slot1,ID-1,1,No,Normal Mode,1,No,Always,None,None,Priority Contacts: NTX Wide,RX-Group-1,Priority Contacts: NTX Wide,Priority Contacts: Texas,Priority Contacts: HurstARC,,,,,,,,,,,,,,,,,,,,,,,,,,,,,,,No,No,No,OFF,TX Contact
137,Digital CH,16.N.America,440.45,445.45,Mid,300S,No,1,Yes,No,No,25K,None,None,Allow TX,No,Repeat,Slot1,ID-1,1,No,Normal Mode,1,No,Always,None,None,Priority Contacts: N.America,RX-Group-1,Priority Contacts: NTX Wide,Priority Contacts: Texas,Priority Contacts: HurstARC,,,,,,,,,,,,,,,,,,,,,,,,,,,,,,,No,No,No,OFF,TX Contact
138,Digital CH,16.WWe,440.45,445.45,Mid,300S,No,1,Yes,No,No,25K,None,None,Allow TX,No,Repeat,Slot1,ID-1,1,No,Normal Mode,1,No,Always,None,None,Priority Contacts: WW English,RX-Group-1,Priority Contacts: NTX Wide,Priority Contacts: Texas,Priority Contacts: HurstARC,,,,,,,,,,,,,,,,,,,,,,,,,,,,,,,No,No,No,OFF,TX Contact
139,Digital CH,16.TAC310,440.45,445.45,Mid,300S,No,1,Yes,No,No,25K,None,None,Allow TX,No,Repeat,Slot1,ID-1,1,No,Normal Mode,1,No,Always,None,None,Priority Contacts: TAC310,RX-Group-1,Priority Contacts: NTX Wide,Priority Contacts: Texas,Priority Contacts: HurstARC,,,,,,,,,,,,,,,,,,,,,,,,,,,,,,,No,No,No,OFF,TX Contact
140,Digital CH,16.DCI Bridge,440.45,445.45,Mid,300S,No,1,Yes,No,No,25K,None,None,Allow TX,No,Repeat,Slot1,ID-1,1,No,Normal Mode,1,No,Always,None,None,Priority Contacts: DCI Bridge,RX-Group-1,Priority Contacts: NTX Wide,Priority Contacts: Texas,Priority Contacts: HurstARC,,,,,,,,,,,,,,,,,,,,,,,,,,,,,,,No,No,No,OFF,TX Contact
141,Digital CH,16.BM 3148,440.45,445.45,Mid,300S,No,1,Yes,No,No,25K,None,None,Allow TX,No,Repeat,Slot1,ID-1,1,No,Normal Mode,1,No,Always,None,None,Priority Contacts: BM 3148,RX-Group-1,Priority Contacts: NTX Wide,Priority Contacts: Texas,Priority Contacts: HurstARC,,,,,,,,,,,,,,,,,,,,,,,,,,,,,,,No,No,No,OFF,TX Contact
142,Digital CH,16.Local,440.45,445.45,Mid,300S,No,1,Yes,No,No,25K,None,None,Allow TX,No,Repeat,Slot2,ID-1,1,No,Normal Mode,1,No,Always,None,None,Priority Contacts: Local,RX-Group-1,Priority Contacts: NTX Wide,Priority Contacts: Texas,Priority Contacts: HurstARC,,,,,,,,,,,,,,,,,,,,,,,,,,,,,,,No,No,No,OFF,TX Contact
143,Digital CH,16.Texas,440.45,445.45,Mid,300S,No,1,Yes,No,No,25K,None,None,Allow TX,No,Repeat,Slot2,ID-1,1,No,Normal Mode,1,No,Always,None,None,Priority Contacts: Texas,RX-Group-1,Priority Contacts: NTX Wide,Priority Contacts: Texas,Priority Contacts: HurstARC,,,,,,,,,,,,,,,,,,,,,,,,,,,,,,,No,No,No,OFF,TX Contact
144,Digital CH,16.S.Plains,440.45,445.45,Mid,300S,No,1,Yes,No,No,25K,None,None,Allow TX,No,Repeat,Slot2,ID-1,1,No,Normal Mode,1,No,Always,None,None,Priority Contacts: S.Plains,RX-Group-1,Priority Contacts: NTX Wide,Priority Contacts: Texas,Priority Contacts: HurstARC,,,,,,,,,,,,,,,,,,,,,,,,,,,,,,,No,No,No,OFF,TX Contact
145,Digital CH,17.Worldwide,441.775,446.775,Mid,300S,No,1,Yes,No,No,25K,None,None,Allow TX,No,Repeat,Slot1,ID-1,1,No,Normal Mode,1,No,Always,None,None,Priority Contacts: Worldwide,RX-Group-1,Priority Contacts: NTX Wide,Priority Contacts: Texas,Priority Contacts: HurstARC,,,,,,,,,,,,,,,,,,,,,,,,,,,,,,,No,No,No,OFF,TX Contact
146,Digital CH,17.N.America,441.775,446.775,Mid,300S,No,1,Yes,No,No,25K,None,None,Allow TX,No,Repeat,Slot1,ID-1,1,No,Normal Mode,1,No,Always,None,None,Priority Contacts: N.America,RX-Group-1,Priority Contacts: NTX Wide,Priority Contacts: Texas,Priority Contacts: HurstARC,,,,,,,,,,,,,,,,,,,,,,,,,,,,,,,No,No,No,OFF,TX Contact
147,Digital CH,17.TAC310,441.775,446.775,Mid,300S,No,1,Yes,No,No,25K,None,None,Allow TX,No,Repeat,Slot1,ID-1,1,No,Normal Mode,1,No,Always,None,None,Priority Contacts: TAC310,RX-Group-1,Priority Contacts: NTX Wide,Priority Contacts: Texas,Priority Contacts: HurstARC,,,,,,,,,,,,,,,,,,,,,,,,,,,,,,,No,No,No,OFF,TX Contact
148,Digital CH,17.TAC311,441.775,446.775,Mid,300S,No,1,Yes,No,No,25K,None,None,Allow TX,No,Repeat,Slot1,ID-1,1,No,Normal Mode,1,No,Always,None,None,Priority Contacts: TAC311,RX-Group-1,Priority Contacts: NTX Wide,Priority Contacts: Texas,Priority Contacts: HurstARC,,,,,,,,,,,,,,,,,,,,,,,,,,,,,,,No,No,No,OFF,TX Contact
149,Digital CH,17.DCI Bridge,441.775,446.775,Mid,300S,No,1,Yes,No,No,25K,None,None,Allow TX,No,Repeat,Slot1,ID-1,1,No,Normal Mode,1,No,Always,None,None,Priority Contacts: S.Plains,RX-Group-1,Priority Contacts: NTX Wide,Priority Contacts: Texas,Priority Contacts: HurstARC,,,,,,,,,,,,,,,,,,,,,,,,,,,,,,,No,No,No,OFF,TX Contact
150,Digital CH,17.Local,441.775,446.775,Mid,300S,No,1,Yes,No,No,25K,None,None,Allow TX,No,Repeat,Slot2,ID-1,1,No,Normal Mode,1,No,Always,None,None,Priority Contacts: Local,RX-Group-1,Priority Contacts: NTX Wide,Priority Contacts: Texas,Priority Contacts: HurstARC,,,,,,,,,,,,,,,,,,,,,,,,,,,,,,,No,No,No,OFF,TX Contact
151,Digital CH,17.Texas,441.775,446.775,Mid,300S,No,1,Yes,No,No,25K,None,None,Allow TX,No,Repeat,Slot2,ID-1,1,No,Normal Mode,1,No,Always,None,None,Priority Contacts: Texas,RX-Group-1,Priority Contacts: NTX Wide,Priority Contacts: Texas,Priority Contacts: HurstARC,,,,,,,,,,,,,,,,,,,,,,,,,,,,,,,No,No,No,OFF,TX Contact
152,Digital CH,17.S.Plains,441.775,446.775,Mid,300S,No,1,Yes,No,No,25K,None,None,Allow TX,No,Repeat,Slot2,ID-1,1,No,Normal Mode,1,No,Always,None,None,Priority Contacts: S.Plains,RX-Group-1,Priority Contacts: NTX Wide,Priority Contacts: Texas,Priority Contacts: HurstARC,,,,,,,,,,,,,,,,,,,,,,,,,,,,,,,No,No,No,OFF,TX Contact
153,Digital CH,17.Houston Met,441.775,446.775,Mid,300S,No,1,Yes,No,No,25K,None,None,Allow TX,No,Repeat,Slot2,ID-1,1,No,Normal Mode,1,No,Always,None,None,Priority Contacts: Houston Metro,RX-Group-1,Priority Contacts: NTX Wide,Priority Contacts: Texas,Priority Contacts: HurstARC,,,,,,,,,,,,,,,,,,,,,,,,,,,,,,,No,No,No,OFF,TX Contact
154,Digital CH,17.SETXEmComm,441.775,446.775,Mid,300S,No,1,Yes,No,No,25K,None,None,Allow TX,No,Repeat,Slot2,ID-1,1,No,Normal Mode,1,No,Always,None,None,Priority Contacts: SETexasEmComm,RX-Group-1,Priority Contacts: NTX Wide,Priority Contacts: Texas,Priority Contacts: HurstARC,,,,,,,,,,,,,,,,,,,,,,,,,,,,,,,No,No,No,OFF,TX Contact
155,Digital CH,18.Local 440,442.85,447.85,Mid,300S,No,1,Yes,No,No,25K,None,None,Allow TX,No,Repeat,Slot1,ID-1,1,No,Normal Mode,1,No,Always,None,None,Priority Contacts: Local,RX-Group-1,Priority Contacts: NTX Wide,Priority Contacts: Texas,Priority Contacts: HurstARC,,,,,,,,,,,,,,,,,,,,,,,,,,,,,,,No,No,No,OFF,TX Contact
156,Digital CH,18.Tarrant Met,443.03434,447.85,Mid,300S,No,1,Yes,No,No,25K,None,None,Allow TX,No,Repeat,Slot1,ID-1,1,No,Normal Mode,1,No,Always,None,None,Priority Contacts: Metro 2,RX-Group-1,Priority Contacts: NTX Wide,Priority Contacts: Texas,Priority Contacts: HurstARC,,,,,,,,,,,,,,,,,,,,,,,,,,,,,,,No,No,No,OFF,TX Contact
157,Digital CH,18.Texas 440,442.85,447.85,Mid,300S,No,1,Yes,No,No,25K,None,None,Allow TX,No,Repeat,Slot1,ID-1,1,No,Normal Mode,1,No,Always,None,None,Priority Contacts: Texas,RX-Group-1,Priority Contacts: NTX Wide,Priority Contacts: Texas,Priority Contacts: HurstARC,,,,,,,,,,,,,,,,,,,,,,,,,,,,,,,No,No,No,OFF,TX Contact
158,Digital CH,18.S.Plains 44,442.85,447.85,Mid,300S,No,1,Yes,No,No,25K,None,None,Allow TX,No,Repeat,Slot2,ID-1,1,No,Normal Mode,1,No,Always,None,None,Priority Contacts: S.Plains,RX-Group-1,Priority Contacts: NTX Wide,Priority Contacts: Texas,Priority Contacts: HurstARC,,,,,,,,,,,,,,,,,,,,,,,,,,,,,,,No,No,No,OFF,TX Contact
159,Digital CH,18.Cactus 440,442.85,447.85,Mid,300S,No,1,Yes,No,No,25K,None,None,Allow TX,No,Repeat,Slot2,ID-1,1,No,Normal Mode,1,No,Always,None,None,Priority Contacts: Cactus,RX-Group-1,Priority Contacts: NTX Wide,Priority Contacts: Texas,Priority Contacts: HurstARC,,,,,,,,,,,,,,,,,,,,,,,,,,,,,,,No,No,No,OFF,TX Contact
160,Digital CH,18.Local 2m,145.19,144.59,Mid,300S,No,1,Yes,No,No,25K,None,None,Allow TX,No,Repeat,Slot1,ID-1,1,No,Normal Mode,1,No,Always,None,None,Priority Contacts: Local,RX-Group-1,Priority Contacts: NTX Wide,Priority Contacts: Texas,Priority Contacts: HurstARC,,,,,,,,,,,,,,,,,,,,,,,,,,,,,,,No,No,No,OFF,TX Contact
161,Digital CH,18.Tarrant Met,145.6,144.59,Mid,300S,No,1,Yes,No,No,25K,None,None,Allow TX,No,Repeat,Slot1,ID-1,1,No,Normal Mode,1,No,Always,None,None,Priority Contacts: Metro 2,RX-Group-1,Priority Contacts: NTX Wide,Priority Contacts: Texas,Priority Contacts: HurstARC,,,,,,,,,,,,,,,,,,,,,,,,,,,,,,,No,No,No,OFF,TX Contact
162,Digital CH,18.Texas 2m,145.19,144.59,Mid,300S,No,1,Yes,No,No,25K,None,None,Allow TX,No,Repeat,Slot1,ID-1,1,No,Normal Mode,1,No,Always,None,None,Priority Contacts: Texas,RX-Group-1,Priority Contacts: NTX Wide,Priority Contacts: Texas,Priority Contacts: HurstARC,,,,,,,,,,,,,,,,,,,,,,,,,,,,,,,No,No,No,OFF,TX Contact
163,Digital CH,18.S.Plains 2m,145.19,144.59,Mid,300S,No,1,Yes,No,No,25K,None,None,Allow TX,No,Repeat,Slot2,ID-1,1,No,Normal Mode,1,No,Always,None,None,Priority Contacts: S.Plains,RX-Group-1,Priority Contacts: NTX Wide,Priority Contacts: Texas,Priority Contacts: HurstARC,,,,,,,,,,,,,,,,,,,,,,,,,,,,,,,No,No,No,OFF,TX Contact
164,Digital CH,18.Cactus 2m,145.19,144.59,Mid,300S,No,1,Yes,No,No,25K,None,None,Allow TX,No,Repeat,Slot2,ID-1,1,No,Normal Mode,1,No,Always,None,None,Priority Contacts: Cactus,RX-Group-1,Priority Contacts: NTX Wide,Priority Contacts: Texas,Priority Contacts: HurstARC,,,,,,,,,,,,,,,,,,,,,,,,,,,,,,,No,No,No,OFF,TX Contact
165,Digital CH,19.Worldwide,444.9,449.9,Mid,300S,No,1,Yes,No,No,25K,None,None,Allow TX,No,Repeat,Slot1,ID-1,1,No,Normal Mode,1,No,Always,None,None,Priority Contacts: Worldwide,RX-Group-1,Priority Contacts: NTX Wide,Priority Contacts: Texas,Priority Contacts: HurstARC,,,,,,,,,,,,,,,,,,,,,,,,,,,,,,,No,No,No,OFF,TX Contact
166,Digital CH,19.N.America,444.9,449.9,Mid,300S,No,1,Yes,No,No,25K,None,None,Allow TX,No,Repeat,Slot1,ID-1,1,No,Normal Mode,1,No,Always,None,None,Priority Contacts: N.America,RX-Group-1,Priority Contacts: NTX Wide,Priority Contacts: Texas,Priority Contacts: HurstARC,,,,,,,,,,,,,,,,,,,,,,,,,,,,,,,No,No,No,OFF,TX Contact
167,Digital CH,19.TAC310,444.9,449.9,Mid,300S,No,1,Yes,No,No,25K,None,None,Allow TX,No,Repeat,Slot1,ID-1,1,No,Normal Mode,1,No,Always,None,None,Priority Contacts: TAC310,RX-Group-1,Priority Contacts: NTX Wide,Priority Contacts: Texas,Priority Contacts: HurstARC,,,,,,,,,,,,,,,,,,,,,,,,,,,,,,,No,No,No,OFF,TX Contact
168,Digital CH,19.TAC311,444.9,449.9,Mid,300S,No,1,Yes,No,No,25K,None,None,Allow TX,No,Repeat,Slot1,ID-1,1,No,Normal Mode,1,No,Always,None,None,Priority Contacts: TAC311,RX-Group-1,Priority Contacts: NTX Wide,Priority Contacts: Texas,Priority Contacts: HurstARC,,,,,,,,,,,,,,,,,,,,,,,,,,,,,,,No,No,No,OFF,TX Contact
169,Digital CH,19.TAC312,444.9,449.9,Mid,300S,No,1,Yes,No,No,25K,None,None,Allow TX,No,Repeat,Slot1,ID-1,1,No,Normal Mode,1,No,Always,None,None,Priority Contacts: TAC312,RX-Group-1,Priority Contacts: NTX Wide,Priority Contacts: Texas,Priority Contacts: HurstARC,,,,,,,,,,,,,,,,,,,,,,,,,,,,,,,No,No,No,OFF,TX Contact
170,Digital CH,19.DCI Bridge,444.9,449.9,Mid,300S,No,1,Yes,No,No,25K,None,None,Allow TX,No,Repeat,Slot1,ID-1,1,No,Normal Mode,1,No,Always,None,None,Priority Contacts: DCI Bridge,RX-Group-1,Priority Contacts: NTX Wide,Priority Contacts: Texas,Priority Contacts: HurstARC,,,,,,,,,,,,,,,,,,,,,,,,,,,,,,,No,No,No,OFF,TX Contact
171,Digital CH,19.Brazoria,444.9,449.9,Mid,300S,No,1,Yes,No,No,25K,None,None,Allow TX,No,Repeat,Slot1,ID-1,1,No,Normal Mode,1,No,Always,None,None,Priority Contacts: Brazoria,RX-Group-1,Priority Contacts: NTX Wide,Priority Contacts: Texas,Priority Contacts: HurstARC,,,,,,,,,,,,,,,,,,,,,,,,,,,,,,,No,No,No,OFF,TX Contact
172,Digital CH,19.Local,444.9,449.9,Mid,300S,No,1,Yes,No,No,25K,None,None,Allow TX,No,Repeat,Slot2,ID-1,1,No,Normal Mode,1,No,Always,None,None,Priority Contacts: Local,RX-Group-1,Priority Contacts: NTX Wide,Priority Contacts: Texas,Priority Contacts: HurstARC,,,,,,,,,,,,,,,,,,,,,,,,,,,,,,,No,No,No,OFF,TX Contact
173,Digital CH,19.Texas,444.9,449.9,Mid,300S,No,1,Yes,No,No,25K,None,None,Allow TX,No,Repeat,Slot2,ID-1,1,No,Normal Mode,1,No,Always,None,None,Priority Contacts: Texas,RX-Group-1,Priority Contacts: NTX Wide,Priority Contacts: Texas,Priority Contacts: HurstARC,,,,,,,,,,,,,,,,,,,,,,,,,,,,,,,No,No,No,OFF,TX Contact
174,Digital CH,19.19.Plains,444.9,449.9,Mid,300S,No,1,Yes,No,No,25K,None,None,Allow TX,No,Repeat,Slot2,ID-1,1,No,Normal Mode,1,No,Always,None,None,Priority Contacts: S.Plains,RX-Group-1,Priority Contacts: NTX Wide,Priority Contacts: Texas,Priority Contacts: HurstARC,,,,,,,,,,,,,,,,,,,,,,,,,,,,,,,No,No,No,OFF,TX Contact
175,Digital CH,19.Cactus,444.9,449.9,Mid,300S,No,1,Yes,No,No,25K,None,None,Allow TX,No,Repeat,Slot2,ID-1,1,No,Normal Mode,1,No,Always,None,None,Priority Contacts: Cactus,RX-Group-1,Priority Contacts: NTX Wide,Priority Contacts: Texas,Priority Contacts: HurstARC,,,,,,,,,,,,,,,,,,,,,,,,,,,,,,,No,No,No,OFF,TX Contact
176,Digital CH,19.Houston Met,444.9,449.9,Mid,300S,No,1,Yes,No,No,25K,None,None,Allow TX,No,Repeat,Slot2,ID-1,1,No,Normal Mode,1,No,Always,None,None,Priority Contacts: Houston Metro,RX-Group-1,Priority Contacts: NTX Wide,Priority Contacts: Texas,Priority Contacts: HurstARC,,,,,,,,,,,,,,,,,,,,,,,,,,,,,,,No,No,No,OFF,TX Contact
177,Digital CH,19.SETXEmComm,444.9,449.9,Mid,300S,No,1,Yes,No,No,25K,None,None,Allow TX,No,Repeat,Slot2,ID-1,1,No,Normal Mode,1,No,Always,None,None,Priority Contacts: SETexasEmComm,RX-Group-1,Priority Contacts: NTX Wide,Priority Contacts: Texas,Priority Contacts: HurstARC,,,,,,,,,,,,,,,,,,,,,,,,,,,,,,,No,No,No,OFF,TX Contact
178,Digital CH,20.Texas,440.35,445.35,Mid,300S,No,1,Yes,No,No,25K,None,None,Allow TX,No,Repeat,Slot1,ID-1,1,No,Normal Mode,1,No,Always,None,None,Priority Contacts: Texas,RX-Group-1,Priority Contacts: NTX Wide,Priority Contacts: Texas,Priority Contacts: HurstARC,,,,,,,,,,,,,,,,,,,,,,,,,,,,,,,No,No,No,OFF,TX Contact
179,Digital CH,20.Worldwide,440.35,445.35,Mid,300S,No,1,Yes,No,No,25K,None,None,Allow TX,No,Repeat,Slot1,ID-1,1,No,Normal Mode,1,No,Always,None,None,Priority Contacts: Worldwide,RX-Group-1,Priority Contacts: NTX Wide,Priority Contacts: Texas,Priority Contacts: HurstARC,,,,,,,,,,,,,,,,,,,,,,,,,,,,,,,No,No,No,OFF,TX Contact
180,Digital CH,20.N.America,440.35,445.35,Mid,300S,No,1,Yes,No,No,25K,None,None,Allow TX,No,Repeat,Slot1,ID-1,1,No,Normal Mode,1,No,Always,None,None,Priority Contacts: N.America,RX-Group-1,Priority Contacts: NTX Wide,Priority Contacts: Texas,Priority Contacts: HurstARC,,,,,,,,,,,,,,,,,,,,,,,,,,,,,,,No,No,No,OFF,TX Contact
181,Digital CH,20.TAC310,440.35,445.35,Mid,300S,No,1,Yes,No,No,25K,None,None,Allow TX,No,Repeat,Slot1,ID-1,1,No,Normal Mode,1,No,Always,None,None,Priority Contacts: TAC310,RX-Group-1,Priority Contacts: NTX Wide,Priority Contacts: Texas,Priority Contacts: HurstARC,,,,,,,,,,,,,,,,,,,,,,,,,,,,,,,No,No,No,OFF,TX Contact
182,Digital CH,20.NTX Wide,440.35,445.35,Mid,300S,No,1,Yes,No,No,25K,None,None,Allow TX,No,Repeat,Slot2,ID-1,1,No,Normal Mode,1,No,Always,None,None,Priority Contacts: NTX Wide,RX-Group-1,Priority Contacts: NTX Wide,Priority Contacts: Texas,Priority Contacts: HurstARC,,,,,,,,,,,,,,,,,,,,,,,,,,,,,,,No,No,No,OFF,TX Contact
183,Digital CH,20.S.Plains,440.35,445.35,Mid,300S,No,1,Yes,No,No,25K,None,None,Allow TX,No,Repeat,Slot2,ID-1,1,No,Normal Mode,1,No,Always,None,None,Priority Contacts: S.Plains,RX-Group-1,Priority Contacts: NTX Wide,Priority Contacts: Texas,Priority Contacts: HurstARC,,,,,,,,,,,,,,,,,,,,,,,,,,,,,,,No,No,No,OFF,TX Contact
184,Digital CH,21.N.America,440.525,445.525,Mid,300S,No,1,Yes,No,No,25K,None,None,Allow TX,No,Repeat,Slot1,ID-1,1,No,Normal Mode,1,No,Always,None,None,Priority Contacts: N.America,RX-Group-1,Priority Contacts: NTX Wide,Priority Contacts: Texas,Priority Contacts: HurstARC,,,,,,,,,,,,,,,,,,,,,,,,,,,,,,,No,No,No,OFF,TX Contact
185,Digital CH,21.WWe,440.525,445.525,Mid,300S,No,1,Yes,No,No,25K,None,None,Allow TX,No,Repeat,Slot1,ID-1,1,No,Normal Mode,1,No,Always,None,None,Priority Contacts: WW English,RX-Group-1,Priority Contacts: NTX Wide,Priority Contacts: Texas,Priority Contacts: HurstARC,,,,,,,,,,,,,,,,,,,,,,,,,,,,,,,No,No,No,OFF,TX Contact
186,Digital CH,21.NTX Wide,440.525,445.525,Mid,300S,No,1,Yes,No,No,25K,None,None,Allow TX,No,Repeat,Slot2,ID-1,1,No,Normal Mode,1,No,Always,None,None,Priority Contacts: NTX Wide,RX-Group-1,Priority Contacts: NTX Wide,Priority Contacts: Texas,Priority Contacts: HurstARC,,,,,,,,,,,,,,,,,,,,,,,,,,,,,,,No,No,No,OFF,TX Contact
187,Digital CH,21.Texas,440.525,445.525,Mid,300S,No,1,Yes,No,No,25K,None,None,Allow TX,No,Repeat,Slot2,ID-1,1,No,Normal Mode,1,No,Always,None,None,Priority Contacts: Texas,RX-Group-1,Priority Contacts: NTX Wide,Priority Contacts: Texas,Priority Contacts: HurstARC,,,,,,,,,,,,,,,,,,,,,,,,,,,,,,,No,No,No,OFF,TX Contact
188,Digital CH,22.Local,444.75,449.75,Mid,300S,No,1,Yes,No,No,25K,None,None,Allow TX,No,Repeat,Slot2,ID-1,3,No,Normal Mode,1,No,Always,None,None,Priority Contacts: Local,RX-Group-1,Priority Contacts: NTX Wide,Priority Contacts: Texas,Priority Contacts: HurstARC,,,,,,,,,,,,,,,,,,,,,,,,,,,,,,,No,No,No,OFF,TX Contact
189,Digital CH,22.Texas,444.75,449.75,Mid,300S,No,1,Yes,No,No,25K,None,None,Allow TX,No,Repeat,Slot2,ID-1,3,No,Normal Mode,1,No,Always,None,None,Priority Contacts: Texas,RX-Group-1,Priority Contacts: NTX Wide,Priority Contacts: Texas,Priority Contacts: HurstARC,,,,,,,,,,,,,,,,,,,,,,,,,,,,,,,No,No,No,OFF,TX Contact
190,Digital CH,22.S.Plains,444.75,449.75,Mid,300S,No,1,Yes,No,No,25K,None,None,Allow TX,No,Repeat,Slot2,ID-1,3,No,Normal Mode,1,No,Always,None,None,Priority Contacts: S.Plains,RX-Group-1,Priority Contacts: NTX Wide,Priority Contacts: Texas,Priority Contacts: HurstARC,,,,,,,,,,,,,,,,,,,,,,,,,,,,,,,No,No,No,OFF,TX Contact
191,Digital CH,22.Houston Met,444.75,449.75,Mid,300S,No,1,Yes,No,No,25K,None,None,Allow TX,No,Repeat,Slot2,ID-1,3,No,Normal Mode,1,No,Always,None,None,Priority Contacts: Houston Metro,RX-Group-1,Priority Contacts: NTX Wide,Priority Contacts: Texas,Priority Contacts: HurstARC,,,,,,,,,,,,,,,,,,,,,,,,,,,,,,,No,No,No,OFF,TX Contact
192,Digital CH,22.SETXEmComm,444.75,449.75,Mid,300S,No,1,Yes,No,No,25K,None,None,Allow TX,No,Repeat,Slot2,ID-1,3,No,Normal Mode,1,No,Always,None,None,Priority Contacts: SETexasEmComm,RX-Group-1,Priority Contacts: NTX Wide,Priority Contacts: Texas,Priority Contacts: HurstARC,,,,,,,,,,,,,,,,,,,,,,,,,,,,,,,No,No,No,OFF,TX Contact
193,Digital CH,23.Worldwide,442.675,447.675,Mid,300S,No,1,Yes,No,No,25K,None,None,Allow TX,No,Repeat,Slot1,ID-1,7,No,Normal Mode,1,No,Always,None,None,Priority Contacts: Worldwide,RX-Group-1,Priority Contacts: NTX Wide,Priority Contacts: Texas,Priority Contacts: HurstARC,,,,,,,,,,,,,,,,,,,,,,,,,,,,,,,No,No,No,OFF,TX Contact
194,Digital CH,23.N.America,442.675,447.675,Mid,300S,No,1,Yes,No,No,25K,None,None,Allow TX,No,Repeat,Slot1,ID-1,7,No,Normal Mode,1,No,Always,None,None,Priority Contacts: N.America,RX-Group-1,Priority Contacts: NTX Wide,Priority Contacts: Texas,Priority Contacts: HurstARC,,,,,,,,,,,,,,,,,,,,,,,,,,,,,,,No,No,No,OFF,TX Contact
195,Digital CH,23.TAC310,442.675,447.675,Mid,300S,No,1,Yes,No,No,25K,None,None,Allow TX,No,Repeat,Slot1,ID-1,7,No,Normal Mode,1,No,Always,None,None,Priority Contacts: TAC310,RX-Group-1,Priority Contacts: NTX Wide,Priority Contacts: Texas,Priority Contacts: HurstARC,,,,,,,,,,,,,,,,,,,,,,,,,,,,,,,No,No,No,OFF,TX Contact
196,Digital CH,23.TAC311,442.675,447.675,Mid,300S,No,1,Yes,No,No,25K,None,None,Allow TX,No,Repeat,Slot1,ID-1,7,No,Normal Mode,1,No,Always,None,None,Priority Contacts: TAC311,RX-Group-1,Priority Contacts: NTX Wide,Priority Contacts: Texas,Priority Contacts: HurstARC,,,,,,,,,,,,,,,,,,,,,,,,,,,,,,,No,No,No,OFF,TX Contact
197,Digital CH,23.TAC312,442.675,447.675,Mid,300S,No,1,Yes,No,No,25K,None,None,Allow TX,No,Repeat,Slot1,ID-1,7,No,Normal Mode,1,No,Always,None,None,Priority Contacts: TAC312,RX-Group-1,Priority Contacts: NTX Wide,Priority Contacts: Texas,Priority Contacts: HurstARC,,,,,,,,,,,,,,,,,,,,,,,,,,,,,,,No,No,No,OFF,TX Contact
198,Digital CH,23.DCI Bridge,442.675,447.675,Mid,300S,No,1,Yes,No,No,25K,None,None,Allow TX,No,Repeat,Slot1,ID-1,7,No,Normal Mode,1,No,Always,None,None,Priority Contacts: DCI Bridge,RX-Group-1,Priority Contacts: NTX Wide,Priority Contacts: Texas,Priority Contacts: HurstARC,,,,,,,,,,,,,,,,,,,,,,,,,,,,,,,No,No,No,OFF,TX Contact
199,Digital CH,23.Local,442.675,447.675,Mid,300S,No,1,Yes,No,No,25K,None,None,Allow TX,No,Repeat,Slot2,ID-1,7,No,Normal Mode,1,No,Always,None,None,Priority Contacts: Local,RX-Group-1,Priority Contacts: NTX Wide,Priority Contacts: Texas,Priority Contacts: HurstARC,,,,,,,,,,,,,,,,,,,,,,,,,,,,,,,No,No,No,OFF,TX Contact
200,Digital CH,23.Texas,442.675,447.675,Mid,300S,No,1,Yes,No,No,25K,None,None,Allow TX,No,Repeat,Slot2,ID-1,7,No,Normal Mode,1,No,Always,None,None,Priority Contacts: Texas,RX-Group-1,Priority Contacts: NTX Wide,Priority Contacts: Texas,Priority Contacts: HurstARC,,,,,,,,,,,,,,,,,,,,,,,,,,,,,,,No,No,No,OFF,TX Contact
201,Digital CH,23.S.Plains,442.675,447.675,Mid,300S,No,1,Yes,No,No,25K,None,None,Allow TX,No,Repeat,Slot2,ID-1,7,No,Normal Mode,1,No,Always,None,None,Priority Contacts: S.Plains,RX-Group-1,Priority Contacts: NTX Wide,Priority Contacts: Texas,Priority Contacts: HurstARC,,,,,,,,,,,,,,,,,,,,,,,,,,,,,,,No,No,No,OFF,TX Contact
202,Digital CH,23.Houston Met,442.675,447.675,Mid,300S,No,1,Yes,No,No,25K,None,None,Allow TX,No,Repeat,Slot2,ID-1,7,No,Normal Mode,1,No,Always,None,None,Priority Contacts: Houston Metro,RX-Group-1,Priority Contacts: NTX Wide,Priority Contacts: Texas,Priority Contacts: HurstARC,,,,,,,,,,,,,,,,,,,,,,,,,,,,,,,No,No,No,OFF,TX Contact
203,Digital CH,23.SETXEmComm,442.675,447.675,Mid,300S,No,1,Yes,No,No,25K,None,None,Allow TX,No,Repeat,Slot2,ID-1,7,No,Normal Mode,1,No,Always,None,None,Priority Contacts: SETexasEmComm,RX-Group-1,Priority Contacts: NTX Wide,Priority Contacts: Texas,Priority Contacts: HurstARC,,,,,,,,,,,,,,,,,,,,,,,,,,,,,,,No,No,No,OFF,TX Contact
204,Digital CH,24.Worldwide,441.875,446.875,Mid,300S,No,1,Yes,No,No,25K,None,None,Allow TX,No,Repeat,Slot1,ID-1,2,No,Normal Mode,1,No,Always,None,None,Priority Contacts: Worldwide,RX-Group-1,Priority Contacts: NTX Wide,Priority Contacts: Texas,Priority Contacts: HurstARC,,,,,,,,,,,,,,,,,,,,,,,,,,,,,,,No,No,No,OFF,TX Contact
205,Digital CH,24.N.America,441.875,446.875,Mid,300S,No,1,Yes,No,No,25K,None,None,Allow TX,No,Repeat,Slot1,ID-1,2,No,Normal Mode,1,No,Always,None,None,Priority Contacts: N.America,RX-Group-1,Priority Contacts: NTX Wide,Priority Contacts: Texas,Priority Contacts: HurstARC,,,,,,,,,,,,,,,,,,,,,,,,,,,,,,,No,No,No,OFF,TX Contact
206,Digital CH,24.TAC310,441.875,446.875,Mid,300S,No,1,Yes,No,No,25K,None,None,Allow TX,No,Repeat,Slot1,ID-1,2,No,Normal Mode,1,No,Always,None,None,Priority Contacts: TAC310,RX-Group-1,Priority Contacts: NTX Wide,Priority Contacts: Texas,Priority Contacts: HurstARC,,,,,,,,,,,,,,,,,,,,,,,,,,,,,,,No,No,No,OFF,TX Contact
207,Digital CH,24.DCI Bridge,441.875,446.875,Mid,300S,No,1,Yes,No,No,25K,None,None,Allow TX,No,Repeat,Slot1,ID-1,2,No,Normal Mode,1,No,Always,None,None,Priority Contacts: DCI Bridge,RX-Group-1,Priority Contacts: NTX Wide,Priority Contacts: Texas,Priority Contacts: HurstARC,,,,,,,,,,,,,,,,,,,,,,,,,,,,,,,No,No,No,OFF,TX Contact
208,Digital CH,24.Local,441.875,446.875,Mid,300S,No,1,Yes,No,No,25K,None,None,Allow TX,No,Repeat,Slot2,ID-1,2,No,Normal Mode,1,No,Always,None,None,Priority Contacts: Local,RX-Group-1,Priority Contacts: NTX Wide,Priority Contacts: Texas,Priority Contacts: HurstARC,,,,,,,,,,,,,,,,,,,,,,,,,,,,,,,No,No,No,OFF,TX Contact
209,Digital CH,24.Texas,441.875,446.875,Mid,300S,No,1,Yes,No,No,25K,None,None,Allow TX,No,Repeat,Slot2,ID-1,2,No,Normal Mode,1,No,Always,None,None,Priority Contacts: Texas,RX-Group-1,Priority Contacts: NTX Wide,Priority Contacts: Texas,Priority Contacts: HurstARC,,,,,,,,,,,,,,,,,,,,,,,,,,,,,,,No,No,No,OFF,TX Contact
210,Digital CH,24.S.Plains,441.875,446.875,Mid,300S,No,1,Yes,No,No,25K,None,None,Allow TX,No,Repeat,Slot2,ID-1,2,No,Normal Mode,1,No,Always,None,None,Priority Contacts: S.Plains,RX-Group-1,Priority Contacts: NTX Wide,Priority Contacts: Texas,Priority Contacts: HurstARC,,,,,,,,,,,,,,,,,,,,,,,,,,,,,,,No,No,No,OFF,TX Contact
211,Digital CH,24.Houston Met,441.875,446.875,Mid,300S,No,1,Yes,No,No,25K,None,None,Allow TX,No,Repeat,Slot2,ID-1,2,No,Normal Mode,1,No,Always,None,None,Priority Contacts: Houston Metro,RX-Group-1,Priority Contacts: NTX Wide,Priority Contacts: Texas,Priority Contacts: HurstARC,,,,,,,,,,,,,,,,,,,,,,,,,,,,,,,No,No,No,OFF,TX Contact
212,Digital CH,24.SETXEmComm,441.875,446.875,Mid,300S,No,1,Yes,No,No,25K,None,None,Allow TX,No,Repeat,Slot2,ID-1,2,No,Normal Mode,1,No,Always,None,None,Priority Contacts: SETexasEmComm,RX-Group-1,Priority Contacts: NTX Wide,Priority Contacts: Texas,Priority Contacts: HurstARC,,,,,,,,,,,,,,,,,,,,,,,,,,,,,,,No,No,No,OFF,TX Contact
213,Digital CH,S-Simplex 1U,441,441,Mid,300S,No,1,Yes,No,No,25K,None,None,Allow TX,No,Simplex,Slot1,ID-1,1,No,Normal Mode,1,No,Always,None,None,Priority Contacts: DMR Simplex,RX-Group-1,Priority Contacts: NTX Wide,Priority Contacts: Texas,Priority Contacts: HurstARC,,,,,,,,,,,,,,,,,,,,,,,,,,,,,,,No,No,No,OFF,TX Contact
214,Digital CH,S-Simplex 2U,446.5,446.5,Mid,300S,No,1,Yes,No,No,25K,None,None,Allow TX,No,Simplex,Slot1,ID-1,1,No,Normal Mode,1,No,Always,None,None,Priority Contacts: DMR Simplex,RX-Group-1,Priority Contacts: NTX Wide,Priority Contacts: Texas,Priority Contacts: HurstARC,,,,,,,,,,,,,,,,,,,,,,,,,,,,,,,No,No,No,OFF,TX Contact
215,Digital CH,S-Simplex 3U,446.075,446.075,Mid,300S,No,1,Yes,No,No,25K,None,None,Allow TX,No,Simplex,Slot1,ID-1,1,No,Normal Mode,1,No,Always,None,None,Priority Contacts: DMR Simplex,RX-Group-1,Priority Contacts: NTX Wide,Priority Contacts: Texas,Priority Contacts: HurstARC,,,,,,,,,,,,,,,,,,,,,,,,,,,,,,,No,No,No,OFF,TX Contact
216,Digital CH,S-Simplex 4U,433.45,433.45,Mid,300S,No,1,Yes,No,No,25K,None,None,Allow TX,No,Simplex,Slot1,ID-1,1,No,Normal Mode,1,No,Always,None,None,Priority Contacts: DMR Simplex,RX-Group-1,Priority Contacts: NTX Wide,Priority Contacts: Texas,Priority Contacts: HurstARC,,,,,,,,,,,,,,,,,,,,,,,,,,,,,,,No,No,No,OFF,TX Contact
217,Digital CH,S-Simplex 1V,145.79,145.79,Mid,300S,No,1,Yes,No,No,25K,None,None,Allow TX,No,Simplex,Slot1,ID-1,1,No,Normal Mode,1,No,Always,None,None,Priority Contacts: DMR Simplex,RX-Group-1,Priority Contacts: NTX Wide,Priority Contacts: Texas,Priority Contacts: HurstARC,,,,,,,,,,,,,,,,,,,,,,,,,,,,,,,No,No,No,OFF,TX Contact
218,Digital CH,S-Simplex 2V,145.51,145.51,Mid,300S,No,1,Yes,No,No,25K,None,None,Allow TX,No,Simplex,Slot1,ID-1,1,No,Normal Mode,1,No,Always,None,None,Priority Contacts: DMR Simplex,RX-Group-1,Priority Contacts: NTX Wide,Priority Contacts: Texas,Priority Contacts: HurstARC,,,,,,,,,,,,,,,,,,,,,,,,,,,,,,,No,No,No,OFF,TX Contact
219,Analog CH,R-HUR7100V,147.1,147.7,Mid,300S,No,1,Yes,No,No,25K,110.9,110.9,Allow TX,No,Simplex,Slot1,ID-1,1,No,Normal Mode,1,No,Always,None,None,None,RX-Group-1,Priority Contacts: NTX Wide,Priority Contacts: Texas,Priority Contacts: HurstARC,,,,,,,,,,,,,,,,,,,,,,,,,,,,,,,No,No,No,OFF,TX Contact
220,Analog CH,R-HUR2850U,442.85,447.85,Mid,300S,No,1,Yes,No,No,25K,110.9,110.9,Allow TX,No,Simplex,Slot1,ID-1,1,No,Normal Mode,1,No,Always,None,None,None,RX-Group-1,Priority Contacts: NTX Wide,Priority Contacts: Texas,Priority Contacts: HurstARC,,,,,,,,,,,,,,,,,,,,,,,,,,,,,,,No,No,No,OFF,TX Contact
221,Analog CH,R-BED2825U,442.825,447.825,Mid,300S,No,1,Yes,No,No,25K,110.9,110.9,Allow TX,No,Simplex,Slot1,ID-1,1,No,Normal Mode,1,No,Always,None,None,None,RX-Group-1,Priority Contacts: NTX Wide,Priority Contacts: Texas,Priority Contacts: HurstARC,,,,,,,,,,,,,,,,,,,,,,,,,,,,,,,No,No,No,OFF,TX Contact
222,Analog CH,R-COL1900U,441.9,446.9,Mid,300S,No,1,Yes,No,No,25K,None,110.9,Allow TX,No,Simplex,Slot1,ID-1,1,No,Normal Mode,1,No,Always,None,None,None,RX-Group-1,Priority Contacts: NTX Wide,Priority Contacts: Texas,Priority Contacts: HurstARC,,,,,,,,,,,,,,,,,,,,,,,,,,,,,,,No,No,No,OFF,TX Contact
223,Analog CH,R-EUL2900U,442.9,447.9,Mid,300S,No,1,Yes,No,No,25K,None,110.9,Allow TX,No,Simplex,Slot1,ID-1,1,No,Normal Mode,1,No,Always,None,None,None,RX-Group-1,Priority Contacts: NTX Wide,Priority Contacts: Texas,Priority Contacts: HurstARC,,,,,,,,,,,,,,,,,,,,,,,,,,,,,,,No,No,No,OFF,TX Contact
224,Analog CH,R-NRH5370V,145.37,144.77,Mid,300S,No,1,Yes,No,No,25K,None,110.9,Allow TX,No,Simplex,Slot1,ID-1,1,No,Normal Mode,1,No,Always,None,None,None,RX-Group-1,Priority Contacts: NTX Wide,Priority Contacts: Texas,Priority Contacts: HurstARC,,,,,,,,,,,,,,,,,,,,,,,,,,,,,,,No,No,No,OFF,TX Contact
225,Analog CH,R-NRH1750U,441.75,446.75,Mid,300S,No,1,Yes,No,No,25K,100,100,Allow TX,No,Simplex,Slot1,ID-1,1,No,Normal Mode,1,No,Always,None,None,None,RX-Group-1,Priority Contacts: NTX Wide,Priority Contacts: Texas,Priority Contacts: HurstARC,,,,,,,,,,,,,,,,,,,,,,,,,,,,,,,No,No,No,OFF,TX Contact
226,Analog CH,R-FTW6940V,146.94,146.34,Mid,300S,No,1,Yes,No,No,25K,None,110.9,Allow TX,No,Simplex,Slot1,ID-1,1,No,Normal Mode,1,No,Always,None,None,None,RX-Group-1,Priority Contacts: NTX Wide,Priority Contacts: Texas,Priority Contacts: HurstARC,,,,,,,,,,,,,,,,,,,,,,,,,,,,,,,No,No,No,OFF,TX Contact
227,Analog CH,R-FTW4100U,444.1,449.1,Mid,300S,No,1,Yes,No,No,25K,None,110.9,Allow TX,No,Simplex,Slot1,ID-1,1,No,Normal Mode,1,No,Always,None,None,None,RX-Group-1,Priority Contacts: NTX Wide,Priority Contacts: Texas,Priority Contacts: HurstARC,,,,,,,,,,,,,,,,,,,,,,,,,,,,,,,No,No,No,OFF,TX Contact
228,Analog CH,R-FTW2125U,442.125,447.125,Mid,300S,No,1,Yes,No,No,25K,156.7,156.7,Allow TX,No,Simplex,Slot1,ID-1,1,No,Normal Mode,1,No,Always,None,None,None,RX-Group-1,Priority Contacts: NTX Wide,Priority Contacts: Texas,Priority Contacts: HurstARC,,,,,,,,,,,,,,,,,,,,,,,,,,,,,,,No,No,No,OFF,TX Contact
229,Analog CH,R-ARL7140V,147.14,147.74,Mid,300S,No,1,Yes,No,No,25K,110.9,110.9,Allow TX,No,Simplex,Slot1,ID-1,1,No,Normal Mode,1,No,Always,None,None,None,RX-Group-1,Priority Contacts: NTX Wide,Priority Contacts: Texas,Priority Contacts: HurstARC,,,,,,,,,,,,,,,,,,,,,,,,,,,,,,,No,No,No,OFF,TX Contact
230,Analog CH,R-ARL4200U,444.2,449.2,Mid,300S,No,1,Yes,No,No,25K,100,100,Allow TX,No,Simplex,Slot1,ID-1,1,No,Normal Mode,1,No,Always,None,None,None,RX-Group-1,Priority Contacts: NTX Wide,Priority Contacts: Texas,Priority Contacts: HurstARC,,,,,,,,,,,,,,,,,,,,,,,,,,,,,,,No,No,No,OFF,TX Contact
231,Analog CH,R-KEL4700U,444.7,449.7,Mid,300S,No,1,Yes,No,No,25K,110.9,110.9,Allow TX,No,Simplex,Slot1,ID-1,1,No,Normal Mode,1,No,Always,None,None,None,RX-Group-1,Priority Contacts: NTX Wide,Priority Contacts: Texas,Priority Contacts: HurstARC,,,,,,,,,,,,,,,,,,,,,,,,,,,,,,,No,No,No,OFF,TX Contact
232,Analog CH,R-DAL6880V,146.88,146.28,Mid,300S,No,1,Yes,No,No,25K,110.9,110.9,Allow TX,No,Simplex,Slot1,ID-1,1,No,Normal Mode,1,No,Always,None,None,None,RX-Group-1,Priority Contacts: NTX Wide,Priority Contacts: Texas,Priority Contacts: HurstARC,,,,,,,,,,,,,,,,,,,,,,,,,,,,,,,No,No,No,OFF,TX Contact
233,Analog CH,R-DAL6700V,146.7,146.1,Mid,300S,No,1,Yes,No,No,25K,110.9,110.9,Allow TX,No,Simplex,Slot1,ID-1,1,No,Normal Mode,1,No,Always,None,None,None,RX-Group-1,Priority Contacts: NTX Wide,Priority Contacts: Texas,Priority Contacts: HurstARC,,,,,,,,,,,,,,,,,,,,,,,,,,,,,,,No,No,No,OFF,TX Contact
234,Analog CH,R-NET2175U,442.175,447.175,Mid,300S,No,1,Yes,No,No,25K,None,110.9,Allow TX,No,Simplex,Slot1,ID-1,1,No,Normal Mode,1,No,Always,None,None,None,RX-Group-1,Priority Contacts: NTX Wide,Priority Contacts: Texas,Priority Contacts: HurstARC,,,,,,,,,,,,,,,,,,,,,,,,,,,,,,,No,No,No,OFF,TX Contact
235,Digital CH,25.BM 3148,443.125,448.125,Mid,300S,No,1,Yes,No,No,25K,None,None,Allow TX,No,Repeat,Slot1,ID-1,2,No,Normal Mode,1,No,Always,None,None,Priority Contacts: Texas,RX-Group-1,Priority Contacts: NTX Wide,Priority Contacts: Texas,Priority Contacts: HurstARC,,,,,,,,,,,,,,,,,,,,,,,,,,,,,,,No,No,No,OFF,TX Contact
236,Digital CH,25.Local,443.125,448.125,Mid,300S,No,1,Yes,No,No,25K,None,None,Allow TX,No,Repeat,Slot1,ID-1,2,No,Normal Mode,1,No,Always,None,None,Priority Contacts: Local,RX-Group-1,Priority Contacts: NTX Wide,Priority Contacts: Texas,Priority Contacts: HurstARC,,,,,,,,,,,,,,,,,,,,,,,,,,,,,,,No,No,No,OFF,TX Contact
237,Digital CH,25.Arkansas,443.125,448.125,Mid,300S,No,2,Yes,No,No,25K,None,None,Allow TX,No,Repeat,Slot2,ID-1,2,No,Normal Mode,1,No,Always,None,None,Priority Contacts: Arkansas,RX-Group-1,Priority Contacts: NTX Wide,Priority Contacts: Texas,Priority Contacts: HurstARC,,,,,,,,,,,,,,,,,,,,,,,,,,,,,,,No,No,No,OFF,TX Contact
238,Digital CH,25.NSX Local,443.125,448.125,Mid,300S,No,2,Yes,No,No,25K,None,None,Allow TX,No,Repeat,Slot2,ID-1,2,No,Normal Mode,1,No,Always,None,None,Priority Contacts: NSX Local,RX-Group-1,Priority Contacts: NTX Wide,Priority Contacts: Texas,Priority Contacts: HurstARC,,,,,,,,,,,,,,,,,,,,,,,,,,,,,,,No,No,No,OFF,TX Contact
239,Digital CH,25.Call Area 5,443.125,448.125,Mid,300S,No,1,Yes,No,No,25K,None,None,Allow TX,No,Repeat,Slot1,ID-1,2,No,Normal Mode,1,No,Always,None,None,Priority Contacts: BM Call Area 5,RX-Group-1,Priority Contacts: NTX Wide,Priority Contacts: Texas,Priority Contacts: HurstARC,,,,,,,,,,,,,,,,,,,,,,,,,,,,,,,No,No,No,OFF,TX Contact
240,Digital CH,25.BM USA,443.125,448.125,Mid,300S,No,1,Yes,No,No,25K,None,None,Allow TX,No,Repeat,Slot1,ID-1,2,No,Normal Mode,1,No,Always,None,None,Priority Contacts: DCI Bridge,RX-Group-1,Priority Contacts: NTX Wide,Priority Contacts: Texas,Priority Contacts: HurstARC,,,,,,,,,,,,,,,,,,,,,,,,,,,,,,,No,No,No,OFF,TX Contact
241,Digital CH,25.BM NA,443.125,448.125,Mid,300S,No,1,Yes,No,No,25K,None,None,Allow TX,No,Repeat,Slot1,ID-1,2,No,Normal Mode,1,No,Always,None,None,Priority Contacts: BM NA,RX-Group-1,Priority Contacts: NTX Wide,Priority Contacts: Texas,Priority Contacts: HurstARC,,,,,,,,,,,,,,,,,,,,,,,,,,,,,,,No,No,No,OFF,TX Contact
242,Digital CH,25.BM WW,443.125,448.125,Mid,300S,No,1,Yes,No,No,25K,None,None,Allow TX,No,Repeat,Slot1,ID-1,2,No,Normal Mode,1,No,Always,None,None,Priority Contacts: BM WW,RX-Group-1,Priority Contacts: NTX Wide,Priority Contacts: Texas,Priority Contacts: HurstARC,,,,,,,,,,,,,,,,,,,,,,,,,,,,,,,No,No,No,OFF,TX Contact
243,Digital CH,25.Parrot,443.125,448.125,Mid,300S,No,1,Yes,No,No,25K,None,None,Allow TX,No,Repeat,Slot1,ID-1,2,No,Normal Mode,1,No,Always,None,None,Priority Contacts: Parrot,RX-Group-1,Priority Contacts: NTX Wide,Priority Contacts: Texas,Priority Contacts: HurstARC,,,,,,,,,,,,,,,,,,,,,,,,,,,,,,,No,No,No,OFF,TX Contact
244,Digital CH,25.Audio Test,443.125,448.125,Mid,300S,No,1,Yes,No,No,25K,None,None,Allow TX,No,Repeat,Slot1,ID-1,2,No,Normal Mode,1,No,Always,None,None,Priority Contacts: Audio Test,RX-Group-1,Priority Contacts: NTX Wide,Priority Contacts: Texas,Priority Contacts: HurstARC,,,,,,,,,,,,,,,,,,,,,,,,,,,,,,,No,No,No,OFF,TX Contact
245,Analog CH,R-NET3875U,443.875,448.875,Mid,300S,No,1,Yes,No,No,25K,110.9,110.9,Allow TX,No,Simplex,Slot1,ID-1,1,No,Normal Mode,1,No,Always,None,None,None,RX-Group-1,Priority Contacts: NTX Wide,Priority Contacts: Texas,Priority Contacts: HurstARC,,,,,,,,,,,,,,,,,,,,,,,,,,,,,,,No,No,No,OFF,TX Contact
246,Analog CH,R-NET5400V,145.4,144.8,Mid,300S,No,1,Yes,No,No,25K,110.9,110.9,Allow TX,No,Simplex,Slot1,ID-1,1,No,Normal Mode,1,No,Always,None,None,None,RX-Group-1,Priority Contacts: NTX Wide,Priority Contacts: Texas,Priority Contacts: HurstARC,,,,,,,,,,,,,,,,,,,,,,,,,,,,,,,No,No,No,OFF,TX Contact
247,Digital CH,3.HurstARC,443.2625,448.2625,Mid,300S,No,1,Yes,No,No,25K,None,None,Allow TX,No,Repeat,Slot1,ID-1,1,No,Normal Mode,1,No,Always,None,None,Priority Contacts: HurstARC,RX-Group-1,Priority Contacts: NTX Wide,Priority Contacts: Texas,Priority Contacts: HurstARC,,,,,,,,,,,,,,,,,,,,,,,,,,,,,,,No,No,No,OFF,TX Contact
248,Digital CH,3.Tst No-Route,443.2625,448.2625,Mid,300S,No,1,Yes,No,No,25K,None,None,Allow TX,No,Repeat,Slot2,ID-1,1,No,Normal Mode,1,No,Always,None,None,None,RX-Group-1,Priority Contacts: NTX Wide,Priority Contacts: Texas,Priority Contacts: HurstARC,,,,,,,,,,,,,,,,,,,,,,,,,,,,,,,No,No,No,OFF,TX Contact
249,Analog CH,S-HURSTSPLX,146.4,146.4,Mid,300S,No,1,Yes,No,No,25K,None,None,Allow TX,No,Simplex,Slot1,ID-1,1,No,Normal Mode,1,No,Always,None,None,None,RX-Group-1,Priority Contacts: NTX Wide,Priority Contacts: Texas,Priority Contacts: HurstARC,,,,,,,,,,,,,,,,,,,,,,,,,,,,,,,No,No,No,OFF,TX Contact
250,Analog CH,S-NATSMPLXV,146.52,146.52,Mid,300S,No,1,Yes,No,No,25K,None,None,Allow TX,No,Simplex,Slot1,ID-1,1,No,Normal Mode,1,No,Always,None,None,None,Custom,,,,,,,,,,,,,,,,,,,,,,,,,,,,,,,,,,No,No,No,OFF,TX Contact
251,Analog CH,S-NATSMPLXU,446,446,Mid,300S,No,1,Yes,No,No,25K,None,None,Channel Free,No,Simplex,Slot1,ID-1,1,No,Normal Mode,1,No,Always,None,None,None,RX-Group-1,Priority Contacts: NTX Wide,Priority Contacts: Texas,Priority Contacts: HurstARC,,,,,,,,,,,,,,,,,,,,,,,,,,,,,,,No,No,No,OFF,TX Contact
252,Digital CH,1a.TGIF,440.1375,445.1375,Mid,300S,No,1,Yes,No,No,25K,None,None,Allow TX,No,Repeat,Slot1,ID-1,1,No,Normal Mode,1,No,Always,None,None,Priority Contacts: TGIF,RX-Group-1,Priority Contacts: NTX Wide,Priority Contacts: Texas,Priority Contacts: HurstARC,,,,,,,,,,,,,,,,,,,,,,,,,,,,,,,No,No,No,OFF,TX Contact
253,Digital CH,1a.Local,440.1375,445.1375,Mid,300S,No,1,Yes,No,No,25K,None,None,Allow TX,No,Repeat,Slot2,ID-1,1,No,Normal Mode,1,No,Always,None,None,Priority Contacts: Local,RX-Group-1,Priority Contacts: NTX Wide,Priority Contacts: Texas,Priority Contacts: HurstARC,,,,,,,,,,,,,,,,,,,,,,,,,,,,,,,No,No,No,OFF,TX Contact
254,Digital CH,1a.NTX Wide,440.1375,445.1375,Mid,300S,No,1,Yes,No,No,25K,None,None,Allow TX,No,Repeat,Slot2,ID-1,1,No,Normal Mode,1,No,Always,None,None,Priority Contacts: NTX Wide,RX-Group-1,Priority Contacts: NTX Wide,Priority Contacts: Texas,Priority Contacts: HurstARC,,,,,,,,,,,,,,,,,,,,,,,,,,,,,,,No,No,No,OFF,TX Contact
255,Digital CH,26.DCI Bridge,440.625,445.625,High,300S,No,1,Yes,No,No,25K,None,None,Allow TX,No,Repeat,Slot1,ID-1,5,No,Normal Mode,1,No,Always,None,None,Priority Contacts: DCI Bridge,RX-Group-1,Priority Contacts: NTX Wide,Priority Contacts: Texas,Priority Contacts: HurstARC,,,,,,,,,,,,,,,,,,,,,,,,,,,,,,,No,No,No,OFF,TX Contact
256,Digital CH,26.TAC310,440.625,445.625,High,300S,No,1,Yes,No,No,25K,None,None,Allow TX,No,Repeat,Slot1,ID-1,5,No,Normal Mode,1,No,Always,None,None,Priority Contacts: TAC310,RX-Group-1,Priority Contacts: NTX Wide,Priority Contacts: Texas,Priority Contacts: HurstARC,,,,,,,,,,,,,,,,,,,,,,,,,,,,,,,No,No,No,OFF,TX Contact
257,Digital CH,26.N.America,440.625,445.625,High,300S,No,1,Yes,No,No,25K,None,None,Allow TX,No,Repeat,Slot1,ID-1,5,No,Normal Mode,1,No,Always,None,None,Priority Contacts: N.America,RX-Group-1,Priority Contacts: NTX Wide,Priority Contacts: Texas,Priority Contacts: HurstARC,,,,,,,,,,,,,,,,,,,,,,,,,,,,,,,No,No,No,OFF,TX Contact
258,Digital CH,26.Worldwide,440.625,445.625,High,300S,No,1,Yes,No,No,25K,None,None,Allow TX,No,Repeat,Slot1,ID-1,5,No,Normal Mode,1,No,Always,None,None,Priority Contacts: Worldwide,RX-Group-1,Priority Contacts: NTX Wide,Priority Contacts: Texas,Priority Contacts: HurstARC,,,,,,,,,,,,,,,,,,,,,,,,,,,,,,,No,No,No,OFF,TX Contact
259,Digital CH,26.Local,440.625,445.625,High,300S,No,1,Yes,No,No,25K,None,None,Allow TX,No,Repeat,Slot2,ID-1,5,No,Normal Mode,1,No,Always,None,None,Priority Contacts: Local,RX-Group-1,Priority Contacts: NTX Wide,Priority Contacts: Texas,Priority Contacts: HurstARC,,,,,,,,,,,,,,,,,,,,,,,,,,,,,,,No,No,No,OFF,TX Contact
260,Digital CH,26.Houston,440.625,445.625,High,300S,No,1,Yes,No,No,25K,None,None,Allow TX,No,Repeat,Slot2,ID-1,5,No,Normal Mode,1,No,Always,None,None,Priority Contacts: Houston Metro,RX-Group-1,Priority Contacts: NTX Wide,Priority Contacts: Texas,Priority Contacts: HurstARC,,,,,,,,,,,,,,,,,,,,,,,,,,,,,,,No,No,No,OFF,TX Contact
261,Digital CH,26.SETXEmComm,440.625,445.625,High,300S,No,1,Yes,No,No,25K,None,None,Allow TX,No,Repeat,Slot2,ID-1,5,No,Normal Mode,1,No,Always,None,None,Priority Contacts: SETexasEmComm,RX-Group-1,Priority Contacts: NTX Wide,Priority Contacts: Texas,Priority Contacts: HurstARC,,,,,,,,,,,,,,,,,,,,,,,,,,,,,,,No,No,No,OFF,TX Contact
262,Digital CH,26.Texas,440.625,445.625,High,300S,No,1,Yes,No,No,25K,None,None,Allow TX,No,Repeat,Slot2,ID-1,5,No,Normal Mode,1,No,Always,None,None,Priority Contacts: Texas,RX-Group-1,Priority Contacts: NTX Wide,Priority Contacts: Texas,Priority Contacts: HurstARC,,,,,,,,,,,,,,,,,,,,,,,,,,,,,,,No,No,No,OFF,TX Contact
263,Digital CH,26.S.Plains,440.625,445.625,High,300S,No,1,Yes,No,No,25K,None,None,Allow TX,No,Repeat,Slot2,ID-1,5,No,Normal Mode,1,No,Always,None,None,Priority Contacts: S.Plains,RX-Group-1,Priority Contacts: NTX Wide,Priority Contacts: Texas,Priority Contacts: HurstARC,,,,,,,,,,,,,,,,,,,,,,,,,,,,,,,No,No,No,OFF,TX Contact
